LED Number,Freeway,Direction,Longitude,Latitude,openLr Code,Free Flow Speed,Reference
1,101,North,34.457053,-119.976493,C6qyXxh+xwo7dOUMBr0KCA==,72,
2,101,North,34.439879,-119.933952,C6q6qhh8Xwo5TO40BSkKCw==,72,
3,101,North,0,0,0,0,2
4,101,North,34.432943,-119.895871,C6rCBxh8lgo2QPA0/4sKCg==,72,
5,101,North,0,0,0,0,4
6,101,North,34.43537,-119.865932,C6rErhh9Ewo2F/pO/vMKBg==,71,
7,101,North,34.439114,-119.837874,C6rJRxh9jQo3KPYi/voKBg==,68,
8,101,North,34.441734,-119.812004,C6rQZhh9+wo3I/cw/60KBw==,68,
9,101,North,34.442433,-119.788286,C6rUXxh91Ao5Ivd6AFMKBw==,70,
10,101,North,34.441277,-119.760954,C6rWzxh9zgo5FfrEAA0KCQ==,70,
11,101,North,34.437371,-119.752066,C6rYUxh8qQo8Bv7bAQYKDA==,67,
12,101,North,34.427993,-119.733004,C6rdIhh7GQo5F/okAOYKCQ==,67,
13,101,North,34.415854,-119.706396,C6rhExh4mQo5EfylAiUKCw==,65,
14,101,North,34.419683,-119.686107,C6rk4xh6AAo3FPt0/o0KAw==,68,
15,101,North,34.422436,-119.661545,C6rnWRh6Mgo2Ffq5/5YKBw==,63,
16,101,North,34.420181,-119.645521,C6rtXxh6eQo3JvbrACkKCA==,64,
17,101,North,34.421038,-119.62556,C6rweBh6QAo3G/lZAHwKCA==,62,
18,101,North,34.421276,-119.603251,C6r18Rh5dQo5H/iIAXQKBw==,66,
19,101,North,34.415857,-119.574269,C6r7fRh4uwo8MvQZAZAKCQ==,66,
20,101,North,34.407555,-119.548256,C6r/zRh3JQo5Kva/A2cKCw==,67,
21,101,North,0,0,0,0,20
22,101,North,34.39568,-119.51064,C6sFZBh0cQo5F/vwAyEKDQ==,72,
23,101,North,34.386845,-119.492883,C6sH2xhzqQo5Fvq2Aa0KCQ==,71,
24,101,North,34.376751,-119.478378,C6sKchhx+Ao3Cv2ZALgKTHk=,68,
25,101,North,34.372389,-119.457165,C6smuBhhIgo609eoGI0KPTP2UQXDCjxB8vUGiQosFQ==,71,
26,101,North,0,0,0,0,25
27,101,North,0,0,0,0,25
28,101,North,0,0,0,0,25
29,101,North,0,0,0,0,25
30,101,North,0,0,0,0,25
31,101,North,0,0,0,0,25
32,101,North,0,0,0,0,25
33,101,North,34.280345,-119.309791,C6soqBhgbwo5EvvXAYAKCg==,71,
34,101,North,34.277632,-119.294203,C6svahheIwo9MPXYBBYKCA==,67,
35,101,North,0,0,0,0,34
36,101,North,34.259338,-119.253634,C6sz2hhdVAozLfZ7Ab0KDQ==,71,
37,101,North,34.262925,-119.231815,C6s50Rhbzwo7OvMzA0IKAw==,70,
38,101,North,0,0,0,0,37
39,101,North,34.24512,-119.196236,C6s+9xhZZgo5FfsmAeUKCg==,70,
40,101,North,34.232496,-119.173518,C6tC0RhWxgo5Gft5A2AKDQ==,71,
41,101,North,34.223585,-119.15094,C6tGDhhWHgo4HPkNAWgKCQ==,70,
42,101,North,34.222307,-119.133612,C6tJBhhV9wo4GfmgAFMKCA==,70,
43,101,North,34.222203,-119.112555,C6tNjxhV7wo4J/ZFABEKCA==,71,
44,101,North,34.220063,-119.079302,C6tTdhhVdwo4M/NXAQMKCA==,71,
45,101,North,34.218511,-119.059988,C6tXHBhVLgo4H/grAJwKCA==,71,
73,101,North,34.21728,-119.035788,C6tethhUoAo6LvSWAQYKCA==,70,
74,101,North,0,0,0,0,73
75,101,North,34.211103,-118.999179,C6tjahhS7Ao3LfXnA6cKCQ==,69,
76,101,North,34.201044,-118.965411,C6tq9hhQbwo6Se/PBVYKBw==,69,
77,101,North,0,0,0,0,76
78,101,North,34.185113,-118.927825,C6twMBhPFQo4GPoIAKUKCg==,71,
79,101,North,34.184546,-118.903716,C6tzyxhPIgo4H/hD/+MKCA==,71,
80,101,North,34.180818,-118.885794,C6t2YRhN/Ao6Gfp0AncKCA==,71,
81,101,North,34.176314,-118.860531,C6t9wxhMFgo7GvqwAw4KORL7ewBYCgg=,73,
100,101,North,0,0,0,0,81
101,101,North,34.157069,-118.823973,C6uDoBhI5go5J/egBAgKCw==,71,
102,101,North,34.148302,-118.801168,C6uH/BhIOwo3J/amAW8KCQ==,71,
103,101,North,34.14751,-118.775254,C6uLWBhIOgo4HfjKAAMKBw==,71,
104,101,North,34.145974,-118.759422,C6uPtxhHlwo3JvagAVwKCA==,72,
105,101,North,34.141988,-118.734519,C6uSJBhGrQo5F/rLAfcKCA==,68,
106,101,North,34.141859,-118.707596,C6uXfhhIVgozGvpx/QoKBg==,71,
107,101,North,34.151224,-118.694015,C6ufXRhJOAo2SO8b/hwKAw==,70,
108,101,North,0,0,0,0,107
145,101,North,34.159239,-118.638295,C6ujuhhK7go1EPw6/pwKBQ==,70,
146,101,North,34.165465,-118.620697,C6uxbxhNIwo4Efua/7kKNxr55f4bCjdQ7Rf9bwoF,70,
147,101,North,0,0,0,0,146
148,101,North,0,0,0,0,146
149,101,North,0,0,0,0,146
150,101,North,34.173412,-118.536613,C6u3zxhMsAo4HfjnANoKCA==,68,
151,101,North,34.171323,-118.510931,C6u64xhMrwo4GvlkAAIKCA==,68,
152,101,North,34.166415,-118.494344,C6vACBhLoQo4L/T3AkMKCA==,68,
153,101,North,34.160171,-118.468003,C6vCjRhKjwo3EvwsAbQKDA==,65,
244,101,North,34.159343,-118.459551,C6vEUhhKPgo4D/wzAK4KCA==,67,
245,101,North,34.155804,-118.427593,C6vK2xhKEQo4G/kh/5IKCA==,68,
246,101,North,34.156723,-118.40357,C6vN8xhJwwo6G/ldAKcKCA==,66,
247,101,North,34.154602,-118.378667,C6vR8xhJowo5B/4ZAAYKCA==,63,
248,101,North,34.135103,-118.358542,C6vV8xhF8wo5GPujA2kKDg==,66,
249,101,North,34.126867,-118.344947,C6vZWhhC9wo+G/wGBIUKDQ==,61,
250,101,North,34.111701,-118.335281,C6vhLRg8Wgo6Lvf7BsYKPTH3ggZ+Cg4=,62,
251,101,North,0,0,0,0,250
252,101,North,0,0,0,0,250
271,101,North,34.077016,-118.280464,C6vkvRg7PAo5DvyYAOcKCQ==,63,
272,101,North,34.069678,-118.260805,C6vnTRg6Lwo6Bv6hAIMKCg==,60,
273,101,North,34.058403,-118.244457,C6vrCBg3pQo6Gft9A8EKDA==,51,
274,101,North,34.044369,-118.220952,C6vuwhgzZgo8IP8cBnoKDQ==,60,
275,I-5,North,34.03011,-118.216477,C6vxThgyJwo5GfqJAqwKDA==,63,
276,I-5,North,34.023701,-118.201273,C6vzDxgxaQEaDvzWAWEBCg==,57,
277,I-5,North,34.019931,-118.180786,C6v2zxgwvAEaDP02APgBCA==,60,
278,I-5,North,34.012955,-118.164488,C6v5TRgvpQEaDf0GAUcBCQ==,63,
279,I-5,North,33.992285,-118.141885,C6v9/xgrCAEbHfubBMQBDQ==,65,
298,I-5,North,33.978687,-118.127536,C6wA1xgnHAEdMPnmCGkBCw==,64,
299,I-5,North,33.96221,-118.11753,C6wCDxgmHgEbDv1iAiIBDQ==,63,
300,I-5,North,33.947458,-118.100593,C6wEyRgjagEdJfomBc0BCw==,62,
301,I-5,North,33.928637,-118.087589,C6wH0hgfBwEdGPzoBGoBDQ==,68,
302,I-5,North,33.909114,-118.068979,C6wLCxgcIAEcKfkXBjoBDQ==,71,
303,I-5,North,33.896982,-118.052099,C6wNohgajAEbG/pxA2QBDA==,71,
304,I-5,North,33.888552,-118.036757,C6wQZxgZEAEbDvzWAZoBCg==,72,
305,I-5,North,33.878508,-118.018369,C6wUsBgWvAEcLPbNBP4BCg==,73,
306,I-5,North,33.868041,-118.000982,C6wXOxgVIgEbCv3gASoBCw==,73,
310,I-5,North,33.858657,-117.983143,C6wZ6RgTvAEZB/5kAJoBCg==,70,
309,I-5,North,33.849329,-117.966168,C6wdMRgR8AEaEfxNAgABCw==,71,
308,I-5,North,33.835122,-117.939021,C6wjGRgPCwEbF/rNAiMBCw==,69,
307,I-5,North,33.830885,-117.93022,C6wkTxgN5gEdD/1nAnUBCw==,69,
316,I-5,North,33.810584,-117.910049,C6wnRxgK5QEcEP1fAooBDA==,70,
317,I-5,North,33.792586,-117.890727,C6wsShgGGwEcHftjBJ8BDA==,69,
55,CA-1,North,34.201247,-119.142155,C6tG0hhRWCKAKQAlCJsiEA==,39,
56,CA-1,North,34.190692,-119.14227,C6tGzhhQDSKADQAIAsgiEA==,35,
57,CA-1,North,34.162824,-119.140047,C6tIVBhKnCKaEPznAhciDg==,63,
58,CA-1,North,34.157241,-119.128871,C6tKhhhJeBp7FvtLAnEaCg==,65,
59,CA-1,North,34.151236,-119.117333,C6tL4xhIuxp7Dv0TAZcaCw==,65,
60,CA-1,North,34.130488,-119.096101,C6tRBxhC/hp9Ivs5BfoaDQ==,65,
61,CA-1,North,34.112049,-119.08137,C6tjWBg41ht609izFcsaDQ==,55,
62,CA-1,North,0,0,0,0,61
63,CA-1,North,0,0,0,0,61
82,CA-1,North,0,0,0,0,61
83,CA-1,North,0,0,0,0,61
84,CA-1,North,0,0,0,0,61
85,CA-1,North,34.059025,-118.973987,C6tsixg1vBt2WOxBBqkbCg==,57,
86,CA-1,North,0,0,0,0,85
87,CA-1,North,34.046911,-118.930416,C6tz7xg1EBt5QfAmAXAbBg==,60,
88,CA-1,North,34.040809,-118.888455,C6uCGBgwqBp1iOGdCXUbCA==,54,
89,CA-1,North,0,0,0,0,88
90,CA-1,North,0,0,0,0,88
109,CA-1,North,0,0,0,0,88
110,CA-1,North,0,0,0,0,88
111,CA-1,North,34.022395,-118.805204,C6uEpBgxcBp5Cf2fADkaBg==,41,
112,CA-1,North,34.025598,-118.781624,C6uNYBgy/Rp1UO1D/K0aCQ==,53,
113,CA-1,North,0,0,0,0,112
114,CA-1,North,34.033513,-118.74058,C6uWsxgz2Bp3Uev9/ioaBQ==,54,
115,CA-1,North,0,0,0,0,114
116,CA-1,North,34.034463,-118.686594,C6ui+Bg0Oxt4beWu/ywaBw==,45,
117,CA-1,North,0,0,0,0,116
154,CA-1,North,0,0,0,0,116
155,CA-1,North,34.037435,-118.614797,C6utShg00xp2XOnb/robBw==,49,
156,CA-1,North,0,0,0,0,155
157,CA-1,North,0,0,0,0,155
158,CA-1,North,34.038795,-118.556696,C6uxnhg0iBp4J/a1AJ8aBw==,45,
159,CA-1,North,34.03246,-118.527952,C6u4MRgyqxp6HfmnAvMaCw==,46,
160,CA-1,North,34.021134,-118.507589,C6u6hRgxNBt7GfsBAyUaCw==,42,
161,CA-1,North,34.011494,-118.495462,C6u9ZRgvzQEXDP1IACgBDA==,52,
162,CA-1,North,34.013062,-118.483706,C6u+1BgvwhNcBf8EAOASDA==,23,
190,CA-1,North,33.996763,-118.45813,C6vEUxgsbxNaDvzTAYgTCg==,32,
191,CA-1,North,33.985325,-118.443005,C6vGLhgquhJdDf32AkETDA==,21,
192,CA-1,North,33.971534,-118.429679,C6vKcRgmNRp9Hfu8BMEaDQ==,34,
193,CA-1,North,33.95471,-118.413525,C6vOfRgk6Bp7KPdPAssaDQ==,43,
194,CA-1,North,33.946563,-118.396006,C6vOphgjZhpgCP/+AbEaEA==,25,
195,CA-1,North,33.930176,-118.395957,C6vOrRge2hp/Gf/wBUIaEA==,24,
196,CA-1,North,33.907137,-118.395667,C6vOpxgbqRp/CQAaAgwaYBH//AOeGhA=,38,
197,CA-1,North,33.889791,-118.395844,C6vOrhgZBRpgC///AngaEA==,38,
198,CA-1,North,33.869658,-118.394298,C6vPNxgU6Bp+D/8FAyMaDQ==,30,
199,CA-1,North,33.850348,-118.388818,C6vQBxgSCht+Cv9aAhIbDg==,27,
200,CA-1,North,33.830434,-118.385024,C6vQkxgOWhthEgAKA7IbDw==,32,
201,CA-1,North,33.816741,-118.380191,C6vSJhgMBRp4C/1kAQoaCg==,29,
202,CA-1,North,33.807137,-118.356161,C6vWvRgKEhp6C/1wAQEaCQ==,34,
203,CA-1,North,33.797118,-118.339633,C6vaFhgHqxt7JvjQBScaCg==,39,
204,CA-1,North,33.789626,-118.315793,C6vevhgHMBt4E/sxAAcbCA==,29,
205,CA-1,North,33.790839,-118.295303,C6vhphgHdht4Cf3B/5cbBQ==,30,
206,CA-1,North,33.790557,-118.276001,C6vksRgHYRt3Cf2Z//kbCA==,29,
207,CA-1,North,33.791557,-118.254168,C6vthxgHTBp5O/GbAG0bBw==,39,
226,CA-1,North,0,0,0,0,207
227,CA-1,North,33.790123,-118.202978,C6vyshgHQht4E/tNAAYaCA==,38,
228,CA-1,North,33.789964,-118.174527,C6v3chgHQht4Bv5SAAEbCA==,25,
229,CA-1,North,33.789944,-118.149952,C6v8qBgHSRp1Dvxy//AbCA==,22,
230,CA-1,North,33.78563,-118.136205,C6v+WBgGLhp7FPxhAmAaBA==,30,
231,CA-1,North,33.770698,-118.117986,C6wChRgBfBp8I/v2BmMaCw==,37,
232,CA-1,North,33.750057,-118.105799,C6wFXhf+Whp6K/nkBrkaDA==,35,
233,CA-1,North,33.732096,-118.084671,C6wLXRf48Bp8T/MhC58aCg==,43,
234,CA-1,North,0,0,0,0,233
325,CA-1,North,33.707936,-118.059495,C6wQ5RfzSRp8TPQjDCEaDA==,56,
326,CA-1,North,0,0,0,0,325
46,CA-118,North,34.287776,-119.15454,C6tFYRhhBxqbEv0wAwciDA==,37,
47,CA-118,North,34.276064,-119.137882,C6tIFBhfaBp7FfvgAvYaCg==,49,
48,CA-118,North,34.266934,-119.124899,C6tM3xhcGRt7JPkbBMAaDA==,48,
49,CA-118,North,34.262247,-119.100252,C6tPpRhdgRt4HfoM/PoaAw==,42,
50,CA-118,North,34.263793,-119.088527,C6tSwBhdhBt4GvlX//sbCA==,56,
51,CA-118,North,34.263802,-119.056712,C6tXmRhdhht4KfWY//wbCA==,57,
52,CA-118,North,34.263903,-119.027198,C6terRhdhxt4JPbb//8bCA==,56,
53,CA-118,North,34.26385,-119.009773,C6thrxhdhxt3GfmLAAEbCA==,52,
54,CA-118,North,34.263996,-118.988073,C6towRhecht3PfDV/gYbCA==,50,
64,CA-118,North,0,0,0,0,54
65,CA-118,North,34.272083,-118.935213,C6ttXxhfYxt1KfYY/fwbBg==,52,
66,CA-118,North,34.279066,-118.919682,C6tyvhhgSxp4MPR5/g0bBQ==,52,
67,CA-118,North,34.279068,-118.898592,C6t2LBhgTRp4Hfij//0aCA==,42,
68,CA-118,North,34.279451,-118.870274,C6t5XBhgxhp1EfwI/vsaCA==,36,
69,CA-118,North,34.291527,-118.863498,C6t53Rhiqwo0HQBw+p4KHQ==,70,
70,CA-118,North,34.293671,-118.84141,C6uF2hhhhQo6UexyAv8KBw==,71,
71,CA-118,North,0,0,0,0,70
72,CA-118,North,34.283681,-118.79144,C6uIFRhg7Ao4FPs3AUcKCg==,73,
91,CA-118,North,34.282505,-118.780055,C6uLbxhg7Ao4HPjQAAAKCA==,73,
92,CA-118,North,34.282498,-118.756577,C6uOmxhg7Ao4G/kwAAAKCA==,73,
93,CA-118,North,34.282066,-118.718667,C6uYLxhgzgo4KfXJADgKCA==,72,
94,CA-118,North,34.281847,-118.692631,C6uaYBhgzQo4EvtLAAIKCA==,72,
95,CA-118,North,34.28179,-118.676923,C6udiBhgXwo4HPk6AOsKCA==,73,
96,CA-118,North,34.27497,-118.656465,C6uh7RheFAo5L/aTBO0KCA==,71,
97,CA-118,North,0,0,0,0,96
98,CA-118,North,34.275767,-118.624011,C6uoBBhgGAo3OvLv+60KCQ==,71,
99,CA-118,North,34.275338,-118.597219,C6urKRhfUgo4HPlAAagKBw==,70,
136,CA-118,North,34.273831,-118.574406,C6uuThhfUwo4G/lB//0KCA==,71,
137,CA-118,North,34.272463,-118.555402,C6uz8RhffAo3Hfjf/2QKCA==,71,
138,CA-118,North,34.278298,-118.527574,C6u6eBhgIgo3OfH+/poKBw==,71,
139,CA-118,North,34.275761,-118.494204,C6u93Rhezgo7GvqgAuUKCA==,70,
140,CA-118,North,34.266818,-118.481961,C6u/JxheAwo5Dv09AbMKDA==,70,
141,CA-118,North,34.266035,-118.461867,C6vErRhd8go3E/sN//wKCA==,71,
143,CA-118,North,34.276815,-118.423805,C6vKFhhgPgo0F/vL/MMKBA==,72,
163,I-210,North,34.323484,-118.472919,C6vCLxhodwEXF/oe/6kBBg==,71,
164,I-210,North,34.323412,-118.449697,C6vGNBhnhgEcJvdgAgUBBw==,72,
165,I-210,North,34.305259,-118.425635,C6vJ9RhkcAEcF/wKA3oBCw==,70,
166,I-210,North,34.294024,-118.413489,C6vLkRhi7gEcFPyMAzwBDA==,70,
167,I-210,North,34.279552,-118.397988,C6vQ6BhfugEZJvgLA48BHBX8gANQAQw=,73,
168,I-210,North,34.274268,-118.372438,C6vVwRhfLwEYKvWYASsBCQ==,75,
169,I-210,North,34.271787,-118.348083,C6vaOxhdUwEcLfZmA/wBCA==,76,
170,I-210,North,34.255423,-118.325374,C6vlGxhX4wEZd+irC6sBDA==,75,
171,I-210,North,0,0,0,0,170
253,I-210,North,0,0,0,0,170
254,I-210,North,0,0,0,0,170
255,I-210,North,34.229006,-118.25778,C6voxxhWlwEbIvgdAsoBCQ==,72,
256,I-210,North,34.219668,-118.241382,C6vtWxhUCwEaL/YvBXUBCw==,73,
257,I-210,North,34.208029,-118.218138,C6v1thhQnAEeVe4RB2ABCg==,71,
258,I-210,North,0,0,0,0,257
259,I-210,North,34.190577,-118.180848,C6v3PRhO3wEaF/y6A7oBDg==,70,
260,I-210,North,34.17776,-118.163803,C6v5DhhNwgEbE/waAmQBCg==,74,
261,I-210,North,34.157613,-118.158147,C6v5+RhKEgEeEgAUA9kBEA==,69,
280,I-210,North,34.152105,-118.139493,C6v9tRhJLwEYCP3OAAEBCA==,67,
281,I-210,North,34.152567,-118.120292,C6wEmRhJUAEYKPYQ/9ABBw==,69,
282,I-210,North,34.152816,-118.095489,C6wHExhIlgEaF/qwAY8BCA==,66,
283,I-210,North,34.148215,-118.076951,C6wIzxhIfAEXD/xHADkBCg==,67,
284,I-210,North,34.149031,-118.058771,C6wMQxhIoQEYEfup//gBCA==,67,
285,I-210,North,34.144762,-118.024184,C6wTIxhHdwEaG/npAk4BCA==,66,
286,I-210,North,34.135899,-118.00773,C6wV4hhGMQEYHPocAroBCg==,68,
287,I-210,North,34.135621,-117.992902,C6wYgBhGMAEYFvpjAAIBCA==,71,
288,I-210,North,34.135743,-117.966309,C6wdDhhGNQEYEfuX/+kBBw==,70,
315,I-210,North,34.130274,-117.944079,C6wiQBhFBgEWL/TaAooBCA==,70,
314,I-210,North,34.123158,-117.912503,C6wmyRhDzAEcEP0MAkkBCQ==,66,
313,I-210,North,34.12129,-117.901168,C6wpiRhDkAEYGPoZAH8BDA==,66,
118,I-5,North,34.563247,-118.682947,C6uk2RiIWQEer+aoHJYBCw==,64,
119,I-5,North,0,0,0,0,118
120,I-5,North,0,0,0,0,118
121,I-5,North,0,0,0,0,118
122,I-5,North,34.491188,-118.620022,C6umuxiBIgEAUPv2D3sBDg==,72,
123,I-5,North,0,0,0,0,122
124,I-5,North,0,0,0,0,122
125,I-5,North,34.450118,-118.613421,C6unoRh+wgEcG/4TBRgBEA==,71,
126,I-5,North,34.438822,-118.596958,C6usRBh7LwEdN/YOB6sBDA==,71,
127,I-5,North,34.416685,-118.579657,C6utyhh4BgEeI/y6BskBDg==,72,
128,I-5,North,34.398391,-118.571989,C6uupBh15AEfF/4sBJIBDg==,73,
129,I-5,North,34.381592,-118.566743,C6uvlRhy6gEeIP37BmUBDg==,70,
130,I-5,North,34.366212,-118.556828,C6uxghhv/gEdIvveBkUBDg==,70,
131,I-5,North,34.349448,-118.539633,C6u5EBhrDQEaV+/KCpkBDQ==,69,
132,I-5,North,0,0,0,0,131
133,I-5,North,34.322942,-118.499216,C6u8UxhoBwEbK/kABn4BCg==,68,
134,I-5,North,34.313868,-118.488527,C6u/DxhlJwEcJvojBisBCw==,70,
135,I-5,North,34.302336,-118.47851,C6vAgxhjqQEcE/zhAzQBDA==,69,
144,I-5,North,34.285578,-118.460261,C6vD1BhgbwEdLPjiBusBDA==,69,
142,I-5,North,34.267579,-118.444133,C6vGjBhdUAEdD/3wApIBDA==,72,
235,I-5,North,34.248692,-118.426293,C6vLHRhY6wEcPPY0CW4BDQ==,69,
236,I-5,North,0,0,0,0,235
237,I-5,North,34.231436,-118.402399,C6vPgRhXDgEaGfoTAYcBCQ==,70,
238,I-5,North,34.226915,-118.377908,C6vWwhhUoQEbF/uXAr8BGCf2/QHRAQg=,68,
239,I-5,North,0,0,0,0,238
240,I-5,North,34.203507,-118.340761,C6vY1BhSXQEdHfuPBN0BDA==,70,
241,I-5,North,34.181786,-118.314375,C6vdxRhOWAEcE/ysAtIBDA==,71,
242,I-5,North,34.173378,-118.306214,C6vfBBhNBgEeEv1TAtUBCw==,65,
243,I-5,North,34.158107,-118.291191,C6viaRhJmwEbHvt3BNEBCw==,66,
262,I-5,North,34.147038,-118.278925,C6vkIRhHmwEfCP+VAbABDw==,66,
263,I-5,North,34.12828,-118.273579,C6vlBhhEjgEeIP4WBo0BDw==,68,
264,I-5,North,34.109885,-118.261704,C6vneRhBUQEaEfzGAlQBDQ==,66,
265,I-5,North,34.097099,-118.24516,C6vqUBg++gEcGPwAA+ABCw==,65,
266,I-5,North,34.085671,-118.231697,C6vtqRg8iAEZEPy5AdYBCw==,68,
267,I-5,North,34.070492,-118.217891,C6vvoRg4gQEeGv5NBUEBDw==,65,
268,I-10,North,34.055485,-118.189044,C6v0jRg3mAEYEPwDABMBBw==,71,
269,I-10,North,34.061452,-118.166883,C6v5Dxg4ygEUGfon/rIBBQ==,66,
270,I-10,North,34.071012,-118.146617,C6v+ARg6jgEYGfoc/tYBBQ==,64,
289,I-10,North,34.0717,-118.129846,C6wAFxg6lQEYEvuG//IBCA==,66,
290,I-10,North,34.072152,-118.097058,C6wF6Rg6pwEXEfu7AAEBCA==,67,
291,I-10,North,34.07236,-118.077475,C6wJFBg6sQEXDfy6//YBCA==,66,
292,I-10,North,34.072536,-118.066822,C6wL2xg6uwEYGPoJ/+oBCA==,68,
293,I-10,North,34.068096,-118.032812,C6wQ7Rg55wEYFvp+ALUBCg==,70,
294,I-10,North,34.064452,-118.01046,C6wWGRg5TAEXEPwJACUBCQ==,68,
295,I-10,North,34.066504,-117.990825,C6wZxRg5yQEXDvx6/4cBBw==,66,
296,I-10,North,34.070528,-117.959994,C6wgaRg6lwEXF/pT/2YBBw==,68,
297,I-10,North,34.072573,-117.938512,C6wjcRg6tAEYEPv3AAQBBw==,70,
312,I-10,North,34.072379,-117.915308,C6wm/Rg6rAEYHvhjABEBCA==,71,
311,I-10,North,34.072227,-117.899615,C6wqXBg6pQEYHfjFAA4BCA==,70,
172,I-405,North,34.262918,-118.472088,C6vAqhhZCQEAMABXCfIBEA==,69,
173,I-405,North,34.255058,-118.472138,C6vAqhhZCQEAMABXCfIBEA==,91,
174,I-405,North,34.210439,-118.473171,C6vAmhhSwgEAJgASB9sBEA==,68,
175,I-405,North,34.189443,-118.474101,C6vAchhP/wEfHABVBe0BEA==,68,
176,I-405,North,34.177995,-118.468665,C6vBnhhNWAEfHv18BbEBEA==,66,
177,I-405,North,34.144659,-118.470907,C6vAUhhEpgECKgIwCG4BEQ==,67,
178,I-405,North,34.120331,-118.48023,C6u/CRhCYgEAGgLCBNsBEg==,66,
179,I-405,North,34.106971,-118.47892,C6u/6Rg/JgEdGv50BQkBDQ==,64,
180,I-405,North,34.082475,-118.473989,C6vAsxg8IwEdIP5OBnYBDQ==,66,
181,I-405,North,34.070743,-118.464738,C6vD6xg4XAEcIvsZBcABDQ==,66,
182,I-405,North,34.037344,-118.438692,C6vHVxgzoAEbDv5LApMBDQ==,61,
183,I-405,North,34.037345,-118.438667,C6vHVxgzoAEbDv5LApMBDQ==,60,
184,I-405,North,34.017431,-118.422386,C6vKkRgvygEcI/szBgkBDQ==,73,
185,I-405,North,34.003984,-118.411766,C6vQAxgpZAEaEvzsAtABHTL5JgiyAQ0=,67,
186,I-405,North,0,0,0,0,185
187,I-405,North,33.971233,-118.3766,C6vTNBgnjwEdG/qUA0YBCg==,68,
188,I-405,North,33.960215,-118.369204,C6vTiBglAAEfGv9KBXwBDg==,68,
189,I-405,North,33.932232,-118.368282,C6vTkhgfMgEAJQBOB9ABEA==,70,
208,I-405,North,33.91674,-118.37004,C6vTVhgcPAEAHgCCBloBEA==,68,
209,I-405,North,33.897773,-118.369716,C6vUYBgaGwEbGf3FBJIBEA==,66,
210,I-405,North,33.886986,-118.355686,C6vWdhgYnAEbF/uFAzUBCw==,67,
211,I-405,North,33.869564,-118.339428,C6vbQhgU5gEZIvl3A/YBDQ==,68,
212,I-405,North,33.861382,-118.315434,C6vefhgUBAEYHfkPAeQBCQ==,67,
213,I-405,North,33.859961,-118.298424,C6vhSRgUAwEYC/0k//8BCA==,65,
214,I-405,North,33.85056,-118.276311,C6vmZRgQtgEcLffhBkwBCg==,68,
215,I-405,North,33.83282,-118.256873,C6vq3xgN1AEYIflaAysBDA==,68,
216,I-405,North,33.825978,-118.234522,C6vtJxgNxQEYE/sbAB8BCA==,71,
217,I-405,North,33.82563,-118.215041,C6vx6xgNsAEaGvmsABIBCA==,71,
218,I-405,North,33.822382,-118.196792,C6vzkxgM1wEbEPx0AdABCg==,71,
219,I-405,North,33.81412,-118.169288,C6v8IhgKRwEYLPXFAxwBCA==,70,
220,I-405,North,0,0,0,0,219
221,I-405,North,33.802896,-118.128995,C6wBNhgJmwEYFfrAAA4BCA==,71,
222,I-405,North,33.799472,-118.11113,C6wDERgImQEbE/wEAioBCA==,70,
223,I-405,North,33.787196,-118.094706,C6wF2RgGhQEcB/6PARYBCw==,70,
224,I-405,North,33.774665,-118.078965,C6wI9RgEeQEYHPppAi8BDg==,69,
225,I-405,North,33.774574,-118.051955,C6wOKxgEfAEXLfTR//kBCA==,73,
320,I-405,North,33.769271,-118.033955,C6wSRxgCEQEcFvwXA1IBDA==,74,
321,I-405,North,33.753896,-118.01552,C6wVHxf/sQEbIvnnBRgBCw==,74,
322,I-405,North,33.735142,-117.992554,C6wctxf53wEbGPupA3cBG0H0DAkHAQw=,74,
323,I-405,North,0,0,0,0,322
324,I-405,North,0,0,0,0,322
319,I-405,North,33.702315,-117.95005,C6whQRf2rQEaNPZBBtsBDA==,73,
318,I-405,North,33.691284,-117.923817,C6wktxf1PwEaIfiTAxIBCg==,73,
1,101,South,34.456611,-119.976601,C6qqoBiBTgooUhIs+XoKGg==,73,
2,101,South,34.441698,-119.949172,C6qzGBh+QwoqUxPP+5UKFw==,73,
3,101,South,0,0,0,0,2
4,101,South,34.432329,-119.886923,C6q8Uxh8NAooOg5WARAKFw==,72,
5,101,South,0,0,0,0,4
6,101,South,34.437605,-119.852141,C6rDAhh8swomHwe4AS4KFw==,70,
7,101,South,34.438845,-119.837473,C6rGmxh9QAonHAcWALUKFw==,68,
8,101,South,34.441526,-119.812123,C6rJ6Bh9lAonJwnXAKcKGA==,65,
9,101,South,34.442127,-119.790592,C6rOfhh94gooHAcBADYKGA==,68,
10,101,South,34.44097,-119.764657,C6rU2xh9xAooFwWF/0EKGw==,67,
11,101,South,34.437042,-119.75204,C6rXbhh9awosCgHb/lkKHA==,67,
12,101,South,34.428914,-119.739875,C6rYSxh8pgosIwez/QwKGQ==,69,
13,101,South,34.418469,-119.710828,C6rd9Rh6sAorGgUA/HAKHA==,69,
14,101,South,34.417569,-119.690316,C6riFBh4tgokEwOkAnsKFw==,66,
15,101,South,34.420173,-119.678777,C6rjxxh53gonGAYfADIKFg==,66,
16,101,South,34.42007,-119.646201,C6rmoRh59QomOA1LAOUKFg==,63,
17,101,South,34.420893,-119.625925,C6rs0xh6YAomEgSQ/3UKGA==,59,
18,101,South,34.420993,-119.603676,C6rxihh6OQopHAbJ/xsKGQ==,65,
19,101,South,34.415409,-119.574954,C6r3TBh5MwopPg23/CEKGA==,68,
20,101,South,0,0,0,0,19
21,101,South,34.404897,-119.535713,C6r9sBh3ZQooPg1v+0EKHA==,70,
22,101,South,0,0,0,0,21
23,101,South,34.386948,-119.494104,C6sGkhh0BQoqGAUB/YMKHQ==,68,
24,101,South,34.376359,-119.478283,C6sI5xhy3AotEQNA/f0KN08=,71,
25,101,South,34.371952,-119.457089,C6sKahhx7AonRg1++FUKGA==,71,
26,101,South,0,0,0,0,25
27,101,South,34.341337,-119.412232,C6sQtBhuWgoo9C6b49kKKiQIg/1dChg=,71,
28,101,South,0,0,0,0,27
29,101,South,0,0,0,0,27
30,101,South,0,0,0,0,27
31,101,South,0,0,0,0,27
32,101,South,0,0,0,0,27
33,101,South,0,0,0,0,27
34,101,South,34.277325,-119.294717,C6sqZBhgAAooEgRT/yIKGw==,68,
35,101,South,34.271576,-119.276704,C6ssaBhfmQorLAit+yMKGg==,68,
36,101,South,34.258928,-119.254667,C6swcxhdVQoqLQoRAOIKGA==,67,
37,101,South,34.26286,-119.232378,C6s1JBhdvgooEwR6/l0KGg==,68,
38,101,South,34.257915,-119.221974,C6s3Ohhc+woqJAe//AwKGg==,70,
39,101,South,34.244905,-119.196538,C6s61hhbIwoqHAYy/RkKGg==,71,
40,101,South,34.232881,-119.174335,C6tAgxhYggotEQKT/RgKGw==,70,
41,101,South,34.223428,-119.151889,C6tE5BhWNwooGQZS/3sKGA==,72,
42,101,South,34.222045,-119.133645,C6tH1hhV+QooFQU+/+UKGA==,72,
43,101,South,34.221897,-119.112273,C6tKSBhV7AooJgmR/8cKGA==,71,
44,101,South,34.21978,-119.079481,C6tOvRhV0QooMgx7/vYKGA==,70,
45,101,South,34.218229,-119.060056,C6tUjhhVVQooHQdT/4EKGA==,70,
46,CA-118,South,34.287723,-119.154833,C6tCgRhkLyONJgWU+a4abQMAjf+AGhs=,34,
47,CA-118,South,34.275889,-119.138081,C6tF1hhg2BpoGATS/NsaWxo=,46,
48,CA-118,South,34.266846,-119.125049,C6tJqxheSRprIwbm+0gbHA==,48,
49,CA-118,South,34.261664,-119.10066,C6tM4hhcFhpjHQXuAwsbGA==,44,
50,CA-118,South,34.263607,-119.088638,C6tPpRhdgRtoGgapAAUbGA==,55,
51,CA-118,South,34.263654,-119.056724,C6tSwBhdhBtoKQpoAAQbGA==,57,
52,CA-118,South,34.263619,-119.027337,C6taahhdhxtoJAklAAEbGA==,56,
53,CA-118,South,34.263678,-119.009811,C6terRhdhxtoGQZ1//8bFw==,47,
54,CA-118,South,34.263438,-118.989869,C6thrxhdhxtoPQ8rAfobFw==,51,
55,CA-1,South,34.209382,-119.142283,C6tGwxhV4yKQBAAo/y0ijzj/4vRMIgA=,40,
56,CA-1,South,34.189284,-119.14253,C6tGyBhQDSKQH//s+YgiAA==,51,
57,CA-1,South,34.16359,-119.141178,C6tGyRhLsiKODAIP/hgiGg==,64,
58,CA-1,South,34.157032,-119.129014,C6tHvxhKzhpqGAU7/WwaGg==,66,
59,CA-1,South,34.150523,-119.116555,C6tKLxhJmxprHAWT/FMaHA==,66,
60,CA-1,South,34.130404,-119.096348,C6tOzRhFtRpsHAPu+xkaHQ==,67,
61,CA-1,South,34.111924,-119.081633,C6tRkxhCPxptyiYh69AbGg==,56,
62,CA-1,South,0,0,0,0,61
63,CA-1,South,0,0,0,0,61
64,CA-118,South,0,0,0,0,54
65,CA-118,South,34.271867,-118.935143,C6towRhechtmKQnoAgQbFQ==,50,
66,CA-118,South,34.27873,-118.920293,C6ttXxhfYxtlMQuTAekaGA==,46,
67,CA-118,South,34.278827,-118.898894,C6tywxhgRxpnHQdSAAAaFw==,40,
68,CA-118,South,34.27882,-118.870192,C6t3iBhgRhpoFQT9AZEbFQ==,34,
69,CA-118,South,34.289848,-118.862482,C6t5mRhhCgo+HwQiA9sKFw==,68,
70,CA-118,South,34.293233,-118.841428,C6t9fhhi5wooWRU/+7cKGA==,70,
71,CA-118,South,0,0,0,0,70
72,CA-118,South,0,0,0,0,70
73,101,South,34.217153,-119.036096,C6tX+BhVGgooFgWQ/6wKGg==,70,
74,101,South,34.215518,-119.014259,C6takBhU8wopLgs2/nkKGQ==,72,
75,101,South,34.210715,-118.999043,C6tfyRhUPQopJgh7/QMKGQ==,71,
76,101,South,34.200915,-118.96635,C6tjvRhS2AoqVRLH+VIKGg==,67,
77,101,South,0,0,0,0,76
78,101,South,34.184936,-118.928123,C6tsfRhPuwoqGwZ8/ocKGA==,71,
79,101,South,34.184278,-118.904615,C6tw/BhPDgooJgkk/tIKGg==,70,
80,101,South,34.180732,-118.88622,C6t1PxhOgQoqGAWs/lgKGA==,68,
81,101,South,34.176119,-118.861062,C6t34xhNuwooFwXI/5IKGA==,70,
82,CA-1,South,0,0,0,0,61
83,CA-1,South,0,0,0,0,61
84,CA-1,South,0,0,0,0,61
85,CA-1,South,34.058914,-118.97422,C6tjWBg41htqWBO/+VcbFg==,57,
86,CA-1,South,0,0,0,0,85
87,CA-1,South,34.046471,-118.930979,C6tsixg1vBtmQQ/a/pAbGQ==,58,
88,CA-1,South,0,0,0,0,87
89,CA-1,South,34.0406,-118.88858,C6tz7xg1EBtoiR6g9pwaFQ==,55,
90,CA-1,South,0,0,0,0,89
91,CA-118,South,34.282068,-118.780148,C6uHZRhg6AooEwTg/+wKGA==,71,
92,CA-118,South,34.282041,-118.756808,C6uM1Bhg3wooGwbwAAAKGA==,70,
93,CA-118,South,34.28169,-118.719398,C6uQDxhg3wooKAop/8EKGA==,71,
94,CA-118,South,34.281381,-118.693,C6uUyxhgwgooKQpZ//sKGA==,71,
95,CA-118,South,34.281362,-118.677214,C6uZnhhgvwooFAUG//sKGA==,73,
96,CA-118,South,34.275284,-118.657707,C6ufDBhfsQotLwmW/b4KFA==,70,
97,CA-118,South,0,0,0,0,96
98,CA-118,South,34.275228,-118.623954,C6ujhBheowojNgxxAosKGg==,71,
99,CA-118,South,34.274966,-118.597786,C6upUBhf0woqGQYJ/tIKGA==,73,
100,101,South,34.171983,-118.847118,C6t6lRhNiAooKwj6+1kKGw==,71,
101,101,South,34.157134,-118.824611,C6t+xBhLXQorHAWB/FgKGw==,73,
102,101,South,34.148115,-118.801464,C6uBVRhJqQorIwg+/UEKGQ==,73,
103,101,South,34.147213,-118.7751,C6uJWBhISwonHQdP/2EKGA==,73,
104,101,South,34.145757,-118.760073,C6uJWBhISwonHQdP/2EKGA==,73,
105,101,South,34.141871,-118.73495,C6uQahhHiwooIAdp/kkKFw==,68,
106,101,South,34.139261,-118.714151,C6uT3hhGvwonFASyAUUKFA==,71,
107,101,South,34.150529,-118.695067,C6uX8xhIvgojTxLAAgsKFQ==,69,
108,101,South,0,0,0,0,107
109,CA-1,South,0,0,0,0,89
110,CA-1,South,0,0,0,0,89
111,CA-1,South,34.022107,-118.805529,C6uDiRgxhxpmCQJq/8MaGQ==,40,
112,CA-1,South,34.025337,-118.781737,C6uEqRgxaxppUBK2A1caFQ==,53,
113,CA-1,South,0,0,0,0,112
114,CA-1,South,34.03324,-118.740492,C6uNYhgy+RplUhQNAdMaFw==,51,
115,CA-1,South,0,0,0,0,114
116,CA-1,South,34.034138,-118.686065,C6uWuhgz0xpnbRpEAN8bGA==,44,
117,CA-1,South,0,0,0,0,116
118,I-5,South,34.562778,-118.683605,C6uZ3BiUkQEOqxh05FABHQ==,72,
119,I-5,South,0,0,0,0,118
120,I-5,South,0,0,0,0,118
121,I-5,South,0,0,0,0,118
122,I-5,South,34.491004,-118.620514,C6ulQRiHqQENEgJp/MQBHQ==,73,
123,I-5,South,34.481393,-118.614747,C6umYBiGKAENPgB8820BHw==,71,
124,I-5,South,0,0,0,0,123
125,I-5,South,34.44993,-118.613728,C6ummhiASwEPJQYK+nUBGg==,70,
126,I-5,South,34.438529,-118.5972,C6upaxh9tgEKFgQU/O8BGw==,68,
127,I-5,South,34.416642,-118.580106,C6us6hh52gENHgKV+jIBHg==,67,
128,I-5,South,34.398218,-118.572524,C6uuHhh3JQEOGgGh+rEBHw==,66,
129,I-5,South,34.381309,-118.567223,C6uu4Bh0rAEPIQLt+aoBHQ==,68,
130,I-5,South,34.366025,-118.557295,C6uwPRhxuAENIQOG+dwBHQ==,68,
131,I-5,South,34.349166,-118.540169,C6ux4Rhu2wENZxNp8z8BHQ==,68,
132,I-5,South,0,0,0,0,131
133,I-5,South,34.322656,-118.499685,C6u67Rho6gENKQb5+eYBHQ==,71,
134,I-5,South,34.313791,-118.48889,C6u8wBhnqgEMDgIx/cMBHA==,63,
135,I-5,South,34.302183,-118.478828,C6u+LRhmEgENGAPD+/gBHA==,71,
136,CA-118,South,34.273324,-118.574531,C6usIBhfRgooHget/+8KGA==,71,
137,CA-118,South,34.272172,-118.555466,C6uvtBhfPgooFgV3/8EKFg==,70,
138,CA-118,South,34.277895,-118.527625,C6u13Rhf1AolOQ4SABYKGg==,71,
139,CA-118,South,0,0,0,0,138
140,CA-118,South,34.266358,-118.482471,C6u9nRhe9AosEANE/egKGQ==,70,
141,CA-118,South,34.265804,-118.4617,C6vAtxhd6wooFQU4//UKGA==,70,
142,I-5,South,34.267551,-118.444533,C6vFPBhezwEMGQOk+68BHA==,73,
143,CA-118,South,34.276438,-118.423338,C6vIuRhfHQokFgQOAyYKFA==,70,
144,I-5,South,34.285404,-118.460485,C6vCbhhhxwELJwYE+aIBHA==,71,
145,101,South,34.159076,-118.638179,C6ugsBhJsgolGQXLAlEKFQ==,71,
146,101,South,34.165278,-118.620755,C6ujYxhKxgolKQkxA7EKFQ==,70,
147,101,South,34.170497,-118.604873,C6unrBhMfwolCwLCAAMKGA==,66,
148,101,South,34.168024,-118.583226,C6usgxhMFwonGQXsAdkKFw==,71,
149,101,South,34.173298,-118.562796,C6uvRRhM8wonHwfDAEgKGA==,70,
150,101,South,34.17318,-118.536657,C6uy4xhNFQooHweM/x8KGA==,69,
151,101,South,34.171057,-118.51089,C6u46hhMqQooHQbl/vQKGw==,70,
152,101,South,34.166253,-118.494541,C6u8IBhMLAorDwNP/rYKGA==,68,
153,101,South,34.159377,-118.46761,C6vBJhhKuworBwHR/4wKGA==,64,
154,CA-1,South,0,0,0,0,116
155,CA-1,South,34.037228,-118.614858,C6ui+Bg0OxtnpScp/48aGg==,47,
156,CA-1,South,0,0,0,0,155
157,CA-1,South,0,0,0,0,155
158,CA-1,South,0,0,0,0,155
159,CA-1,South,34.032216,-118.528422,C6u1OBg0BhprHAY9/RsaGg==,49,
160,CA-1,South,34.02092,-118.507822,C6u4IBgyrRpqGQUj/NcbGw==,40,
161,CA-1,South,34.011296,-118.495474,C6u8PhgvvgEMXBR4BqwBFg==,61,
162,CA-1,South,34.012907,-118.483852,C6u+YhgwIBJLBQD+/y8THA==,21,
163,I-210,South,34.323139,-118.472975,C6vAPBhoVAEHHgerAC0BFw==,73,
164,I-210,South,34.323122,-118.450021,C6vDzhhoaQEHIwdF/FwBGw==,74,
165,I-210,South,34.305004,-118.426039,C6vJFhhlLgEMFQOp/KQBHA==,72,
166,I-210,South,34.293749,-118.413918,C6vKyxhjnQEMEgMS/R8BDBsEkvu6ARs=,73,
167,I-210,South,0,0,0,0,166
168,I-210,South,34.27667,-118.388258,C6vOWhhgSAELIghV/jABGA==,75,
169,I-210,South,34.271367,-118.348393,C6vXUxhe8wEILwiU+e0BHA==,69,
170,I-210,South,0,0,0,0,169
171,I-210,South,34.245926,-118.321101,C6vbUhhcHgEMUw/j93wBGA==,70,
172,I-405,South,34.262909,-118.472341,C6vAyhhe3wEQFv/1+1sBAA==,73,
173,I-405,South,34.254983,-118.472447,C6vAxBhcHAEQLP+r9soBAA==,70,
174,I-405,South,34.21043,-118.473462,C6vAlhhVNwEQJf+t+EMBAA==,70,
175,I-405,South,34.189437,-118.47437,C6vAbxhRnAEQGQAf+toBHg==,69,
176,I-405,South,34.177868,-118.46896,C6vAfhhPNgEOIgIH+XMBAg==,67,
177,I-405,South,34.144713,-118.471268,C6vBDRhIGQERB/+x/pEBAA==,63,
178,I-405,South,34.120631,-118.480359,C6vA6BhHbgEQN/vi9V4BAA==,65,
179,I-405,South,34.106899,-118.479272,C6u+/RhCeQEQHQGb+k4BERAAxPzHAR8=,66,
180,I-405,South,34.082384,-118.474319,C6vAWhg8rwEOKwYF+H8BHQ==,69,
181,I-405,South,34.070666,-118.465055,C6vAWhg8rwEOKwYF+H8BHQ==,68,
182,I-405,South,34.03722,-118.438988,C6vF9Rg1awENFQLH/DUBHA==,66,
183,I-405,South,34.037147,-118.438925,C6vF9Rg1awENFQLH/DUBHA==,66,
184,I-405,South,34.01729,-118.422727,C6vI4xgx1AENIgS3+gsBHQ==,68,
185,I-405,South,34.003871,-118.412112,C6vLFRgvDgENEAJG/RsBHQ==,69,
186,I-405,South,33.986709,-118.398472,C6vMphgtEQENEQJ2/OoBDBACM/06AR0=,66,
187,I-405,South,33.971064,-118.37672,C6vQYBgpLQEKFQR0/bUBGw==,68,
188,I-405,South,33.960197,-118.369467,C6vTYRgm7AEOIACg+U0BECYAAPgSAQA=,70,
189,I-405,South,0,0,0,0,188
190,CA-1,South,33.996587,-118.458189,C6vC2BgtJhNKDwM//nETGg==,24,
191,CA-1,South,33.985153,-118.443377,C6vFOxgrxxNMDgIG/akSHA==,27,
192,CA-1,South,33.97413,-118.431922,C6vIDRgo/httTw4L9s0aHQ==,35,
193,CA-1,South,0,0,0,0,192
194,CA-1,South,33.947764,-118.39644,C6vOnBgkVRpwEAAD/IwaAA==,34,
195,CA-1,South,33.930374,-118.396364,C6vOoBgg7hpwFQAK+4oaHw==,28,
196,CA-1,South,33.907197,-118.396209,C6vOpxgeRxpwG//t+lUaAA==,36,
197,CA-1,South,33.88857,-118.396164,C6vOpRgaVRpwDQAD/SQaAA==,32,
198,CA-1,South,33.869464,-118.3945,C6vOvRgWWhptDwD4/NgaHg==,32,
199,CA-1,South,33.850259,-118.388984,C6vPyBgS1RtuCACH/k0bHg==,35,
200,CA-1,South,33.830459,-118.385181,C6vQmBgQDhtvEf/1/FgbAQ==,35,
201,CA-1,South,33.816589,-118.380358,C6vQ8hgMehpqCwKZ/vsaGA==,35,
202,CA-1,South,33.807033,-118.356468,C6vVnhgKfRpqCwKm/vgaGg==,27,
203,CA-1,South,33.797004,-118.339846,C6vW2hgKAhpqJQb9+vMbGw==,37,
204,CA-1,South,33.789443,-118.315331,C6vcgRgHMxtoEwTf//gbGA==,25,
205,CA-1,South,33.79057,-118.295503,C6vgmhgHRRtlCQI/AGkbGA==,24,
206,CA-1,South,33.790425,-118.276143,C6vjmxgHXRtoCQJUAAkbFw==,26,
207,CA-1,South,33.791016,-118.245162,C6vm0hgHfxtnQA/C/3gaGA==,42,
208,I-405,South,33.9167,-118.370317,C6vTqxggGwEQGv80+owBAA==,71,
209,I-405,South,33.897751,-118.370071,C6vTWhga/wEOGgST/EsBGw==,69,
210,I-405,South,33.886981,-118.356054,C6vVfBgZRQELDQKg/iABGw==,70,
211,I-405,South,33.869424,-118.33974,C6vYyxgV3wEMGAVf/c8BGQ==,68,
212,I-405,South,33.861153,-118.315464,C6vckhgUdwEJMAut/rQBGg==,68,
213,I-405,South,33.859725,-118.298422,C6vckhgUdwEJMAut/rQBGg==,68,
214,I-405,South,33.850394,-118.276562,C6vkPhgSaAELIAWY+0IBHA==,71,
215,I-405,South,33.832734,-118.257127,C6vm2RgQMgEMGAPK/CEBHA==,69,
216,I-405,South,33.825768,-118.234892,C6vrlxgNywEIGAX2/8UBGA==,70,
217,I-405,South,33.825373,-118.215225,C6vuXhgNsAEICwLgACQBFg==,68,
218,I-405,South,33.822181,-118.196994,C6vytBgNQAEKHAW8/NUBCQoCfP/UARg=,70,
219,I-405,South,33.813898,-118.169315,C6v2iBgLsQEIBgGQAAABCBcFdv5jARs=,72,
220,I-405,South,33.806498,-118.147991,C6v5zhgK8QEKDgMp/sQBCBkFx/5nARg=,70,
221,I-405,South,33.802696,-118.128906,C6v9+RgJnwEIGQY//+gBGA==,70,
222,I-405,South,33.799287,-118.11126,C6wCXxgJEgELFAOv/UABGw==,71,
223,I-405,South,33.787052,-118.094907,C6wEFxgHygELFQPi/REBHA==,71,
224,I-405,South,33.774193,-118.079238,C6wHzxgEawEIEAQTAAABFw==,73,
225,I-405,South,33.774029,-118.051846,C6wJtRgEawEIIgiZ//ABGA==,73,
226,CA-1,South,0,0,0,0,207
227,CA-1,South,33.789959,-118.203148,C6vxNxgHSxpoDAMu/+wbGA==,37,
228,CA-1,South,33.789796,-118.174576,C6v2wBgHQRtoBgF+AAEbGA==,35,
229,CA-1,South,33.789782,-118.150086,C6v7HhgHQRtoEAPg/80aGQ==,30,
230,CA-1,South,33.785562,-118.136511,C6v87BgHKRpqEAML/dMaGw==,30,
231,CA-1,South,33.771047,-118.118424,C6wAvxgEWRprIgPH+ckaHA==,37,
232,CA-1,South,33.75004,-118.106088,C6wCghgBdBpsKwYo+UcaGg==,35,
233,CA-1,South,33.739377,-118.092321,C6wFYBf+UhpqTQyh9JoaHA==,45,
234,CA-1,South,0,0,0,0,233
235,I-5,South,34.252447,-118.430911,C6vIJRhbpgEMCwHo/jIBHA==,70,
236,I-5,South,34.239215,-118.416954,C6vKURhZmwEMHAUF/AEBGQ==,71,
237,I-5,South,34.231747,-118.40583,C6vMqBhXvgEIDgOX/2sBGQ==,70,
238,I-5,South,34.226629,-118.377998,C6vRiBhWxAEHDQLe/xABHA==,68,
239,I-5,South,34.221127,-118.359198,C6vUnBhV4gEICgJc/18BGw==,70,
240,I-5,South,34.203281,-118.341182,C6vXshhTxgEMMwhJ+AcBGw==,73,
241,I-5,South,34.181851,-118.314929,C6vdXRhOtgENEQML/YABHQ==,70,
242,I-5,South,34.173495,-118.306654,C6veyBhNiwENEQJK/PgBGw==,69,
243,I-5,South,34.158312,-118.2917,C6vhOxhLDQENHwUz+2ABHQ==,71,
244,101,South,34.159101,-118.459768,C6vCmRhKhwooGwZy/owKGg==,69,
245,101,South,34.155563,-118.432098,C6vFmhhJ2QoqHAbw//YKFw==,68,
246,101,South,34.15652,-118.40416,C6vMAxhKCAooHQb5/xkKGA==,66,
247,101,South,34.153848,-118.378334,C6vQ5RhJnwooDAL2/3oKGQ==,62,
248,101,South,34.135782,-118.3604,C6vTaBhILworIgXD+wYKGQ==,66,
249,101,South,34.126847,-118.345282,C6vWFxhF3QopOghI9q0KHA==,65,
250,101,South,34.109629,-118.333707,C6vZ8xhBhQosDQLE/ksKGw==,65,
251,101,South,34.104134,-118.321012,C6vbPRhAuQorGQSz/UsKHQ==,66,
252,101,South,34.087644,-118.3045,C6vfKxg9rQotFAO6/SIKGw==,59,
253,I-210,South,0,0,0,0,171
254,I-210,South,34.233062,-118.275668,C6viuRhYJgEIKQn6/jUBGQ==,73,
255,I-210,South,34.228394,-118.257812,C6vnYBhXUAEKHQYW/JYBGg==,75,
256,I-210,South,34.219222,-118.241718,C6vqNhhVuQEKDAK0/pkBGw==,73,
257,I-210,South,34.207711,-118.218271,C6vu9BhTXQEKCgJ6/5gBGA==,73,
258,I-210,South,34.20451,-118.195337,C6vwHBhTLQEICwLP//8BCCkIUPuXARw=,75,
259,I-210,South,34.190524,-118.181257,C6v1SxhRHgEMEAGR/NUBHQ==,73,
260,I-210,South,34.177294,-118.164022,C6v4hhhOGAELEALV/Z4BHQ==,73,
261,I-210,South,34.1575,-118.15881,C6v51RhKfwEQCQB+/i0BHg==,65,
262,I-5,South,34.147053,-118.279345,C6vjpxhI5QEMEgEd/GEBHg==,69,
263,I-5,South,34.12857,-118.274084,C6vkLBhHNQEOLgMv9sUBHg==,69,
264,I-5,South,34.109602,-118.261896,C6vmxBhBrQELEQOe/f4BGw==,64,
265,I-5,South,34.097012,-118.245523,C6vpexg/5QENFAMK/KQBHA==,64,
266,I-5,South,34.085574,-118.231985,C6vrkRg9tAELEwPk/ZkBGQ==,65,
267,I-5,South,34.070438,-118.218139,C6vu0Rg7eQEQHgGM+fUBHg==,62,
268,I-10,South,34.055212,-118.189082,C6vy8Bg3mAEILgrvAl4BGA==,69,
269,I-10,South,34.061226,-118.167009,C6v4CRg4swEIEAOjAOwBFQ==,68,
270,I-10,South,34.070551,-118.146695,C6v7kxg6GwEEGwaHANkBFw==,65,
271,101,South,34.076987,-118.281161,C6viqRg7uQooCwKz/2YKGQ==,48,
272,101,South,34.069188,-118.260149,C6vnSxg6JwoqEQO+/iUKGw==,55,
273,101,South,34.058469,-118.244867,C6vqGxg4OgorHQZf/boKGA==,59,
274,101,South,34.045881,-118.221368,C6vuHRg2zAotIQDU+UsKHQ==,61,
275,I-5,South,34.03018,-118.216996,C6vugBgzrAotGATc/SEKGg==,64,
276,I-5,South,34.023257,-118.200851,C6vxnBgyAgEKEQPa/l8BGg==,66,
277,I-5,South,34.019733,-118.180838,C6v0fBgxKgEIFQUJ/t4BGg==,63,
278,I-5,South,34.012865,-118.164861,C6v3yxgwPQEJEAOQ/ncBGw==,62,
279,I-5,South,33.992133,-118.14214,C6v8nhgsXwEMFQOZ/JwBGw==,65,
280,I-210,South,34.151545,-118.139586,C6v9MxhJIAEIEgSzAAABFw==,71,
281,I-210,South,34.152106,-118.120279,C6v/ZBhJIAEIEwTYADgBGA==,70,
282,I-210,South,34.152326,-118.096114,C6wFExhJQgEICwLO/2cBGw==,72,
283,I-210,South,34.147663,-118.076986,C6wIgBhIZAEHGAX0AFsBGA==,69,
284,I-210,South,34.148529,-118.058494,C6wLRhhIjwEIGQZTAAgBGA==,70,
285,I-210,South,34.144422,-118.024516,C6wRrBhIIAEKGwV+/LMBGw==,70,
286,I-210,South,34.13559,-118.007956,C6wUOxhGlgEKHgd2/xIBGA==,68,
287,I-210,South,34.135297,-117.993053,C6wXtRhGJwEIHwfv//4BFw==,69,
288,I-210,South,34.135381,-117.966244,C6wbZxhGJgEHFAUs/+sBCBAD8f72ARk=,69,
289,I-10,South,34.071413,-118.129822,C6v+nhg6gQEIEQRKAA4BGA==,68,
290,I-10,South,34.071809,-118.097164,C6wE8hg6lAEIDQNvAAoBGA==,68,
291,I-10,South,34.072031,-118.077432,C6wH9Bg6nQEIGAX5ABYBGA==,69,
292,I-10,South,0,0,0,0,291
293,I-10,South,34.0678,-118.032729,C6wPvBg57gEIMwxS/l4BFw==,68,
294,I-10,South,34.064205,-118.010711,C6wPvBg57gEIMwxS/l4BFw==,68,
295,I-10,South,34.066216,-117.990792,C6wXZhg5bAEGCwLuAGkBFw==,65,
296,I-10,South,34.070264,-117.960005,C6wadhg51gEHIQhHARQBFw==,62,
297,I-10,South,34.072271,-117.938574,C6whXBg6qQEHEAQAAAgBGA==,71,
298,I-5,South,33.978561,-118.127752,C6v+SxgqygELFwOa/D8BHQ==,64,
299,I-5,South,33.962397,-118.118245,C6wBABgm3QEMFQP4/RkBGw==,66,
300,I-5,South,33.947338,-118.100895,C6wC2hglggELKQXD+PMBHQ==,66,
301,I-5,South,33.931184,-118.090132,C6wFiRgiOQENJgSw+TMBDR0E7/uuARw=,72,
302,I-5,South,33.909002,-118.069536,C6wKBRgdCgEMGQRu/FMBGg==,72,
303,I-5,South,33.896479,-118.051894,C6wMFRgbVAELHwZy/G4BGw==,73,
304,I-5,South,33.888342,-118.037136,C6wPFhgZqgELJggP+5oBGg==,73,
305,I-5,South,33.878396,-118.018812,C6wS2BgXnQEKHAW//JABGw==,73,
306,I-5,South,33.867764,-118.001069,C6wVhRgWAwELFwTx/VEBGg==,71,
307,I-5,South,33.830557,-117.930546,C6wjJRgO6gEMHQSK+1UBHA==,70,
308,I-5,South,33.837759,-117.945675,C6weKBgRZAEKJAeN++IBGg==,77,
309,I-5,South,33.849341,-117.967154,C6wbuRgSpQELIQcF/DUBGw==,71,
310,I-5,South,33.859422,-117.986492,C6wYrhgUOwELDgMF/ngBGg==,71,
311,I-10,South,34.071919,-117.899631,C6woNhg6oQEIGQZj/+wBGA==,70,
312,I-10,South,34.072067,-117.915335,C6wlAxg6pwEIGwbe//MBGA==,70,
313,I-210,South,34.120911,-117.901181,C6woURhDgwEHGgav//0BGA==,68,
314,I-210,South,34.123108,-117.913199,C6wmexhECwEMEgPy/twBFw==,66,
315,I-210,South,34.129843,-117.944324,C6wfpxhFoAEKJAiO/0wBFw==,68,
316,I-5,South,33.810332,-117.910352,C6wmYhgLqQEMEQLe/T0BHA==,69,
317,I-5,South,33.792478,-117.891171,C6wpFhgJIAEMFgOu/IsBHA==,70,
318,I-405,South,33.691012,-117.924469,C6wiqxf2CwEKIwfq/RIBGA==,73,
319,I-405,South,33.702677,-117.951453,C6wfhxf3dQELBwGY/xwBGg==,75,
320,I-405,South,33.769072,-118.034357,C6wPyhgEFAEMRgxc9bgBGw==,75,
321,I-405,South,0,0,0,0,320
322,I-405,South,33.738672,-117.997969,C6wWgRf+fAELJQbe+u8BGw==,74,
323,I-405,South,0,0,0,0,322
324,I-405,South,33.717456,-117.969274,C6wcKxf6QgEMDAIj/jcBHA==,74,
325,CA-1,South,33.707656,-118.059668,C6wLQxf5AhpsTQwY86caHA==,56,
326,CA-1,South,0,0,0,0,325
