Designator,Val,Package,Mid X,Mid Y,Rotation,Layer
C1,10uF,C_0402_1005Metric,55.753,-181.61,-90.0,top
C11,1uF,C_0402_1005Metric,103.378,-108.839,0.0,top
C12,0.1uF,C_0402_1005Metric,103.378,-107.823,0.0,top
C13,1uF,C_0402_1005Metric,95.377,-106.68,-90.0,top
C14,0.1uF,C_0402_1005Metric,96.52,-106.68,-90.0,top
C15,1uF,C_0402_1005Metric,245.618,-152.019,0.0,top
C16,0.1uF,C_0402_1005Metric,245.618,-151.003,0.0,top
C17,1uF,C_0402_1005Metric,237.617,-150.495,-90.0,top
C18,0.1uF,C_0402_1005Metric,238.76,-150.495,-90.0,top
C19,1uF,C_0402_1005Metric,334.772,-24.511,180.0,top
C2,10uF,C_0402_1005Metric,9.906,-187.734,90.0,top
C20,0.1uF,C_0402_1005Metric,334.772,-25.527,180.0,top
C21,1uF,C_0402_1005Metric,342.773,-26.67,90.0,top
C22,0.1uF,C_0402_1005Metric,341.63,-26.67,90.0,top
C24,0.1uF,C_0402_1005Metric,57.1,-179.6,180.0,top
C25,1uF,C_0402_1005Metric,194.04,-10.73,180.0,top
C26,1uF,C_0402_1005Metric,194.02,-11.8,180.0,top
C27,0.1uF,C_0402_1005Metric,202.4,-15.2,90.0,top
C28,0.1uF,C_0402_1005Metric,201.4,-15.2,90.0,top
C29,1uF,C_0402_1005Metric,34.036,-172.974,90.0,top
C3,22uF,C_0603_1608Metric,15.24,-181.356,180.0,top
C31,0.1uF,C_0402_1005Metric,57.023,-181.61,-90.0,top
C5,0.1uF,C_0402_1005Metric,9.017,-175.26,0.0,top
C9,0.1uF,C_0402_1005Metric,32.893,-172.974,-90.0,top
D1,Schottky,D_SMA,4.318,-185.42,0.0,top
D2,LED,LED_0805_2012Metric,6.096,-168.91,0.0,top
D3,LED,LED_0805_2012Metric,6.096,-166.37,0.0,top
D4,Schottky,D_SMA,58.6,-160.2,180.0,top
F1,3A,Fuse_1206_3216Metric,9.271,-182.499,-90.0,top
F2,3A,Fuse_1206_3216Metric,58.0,-163.5,180.0,top
J2,USB C,USB_C_Receptacle_HRO_TYPE-C-31-M-12,4.0,-177.8,-90.0,top
LED1,LED_ARGB,LED_RGB_0606,5.0292,-27.0256,0.0,top
LED10,LED_ARGB,LED_RGB_0606,39.7256,-29.972,0.0,top
LED100,LED_ARGB,LED_RGB_0606,197.9168,-86.5124,0.0,top
LED101,LED_ARGB,LED_RGB_0606,201.1172,-88.8492,0.0,top
LED102,LED_ARGB,LED_RGB_0606,204.8256,-90.4748,0.0,top
LED103,LED_ARGB,LED_RGB_0606,208.7372,-90.7288,0.0,top
LED104,LED_ARGB,LED_RGB_0606,212.7504,-91.186,0.0,top
LED105,LED_ARGB,LED_RGB_0606,216.5096,-92.1004,0.0,top
LED106,LED_ARGB,LED_RGB_0606,220.1672,-91.948,0.0,top
LED107,LED_ARGB,LED_RGB_0606,223.3168,-89.8144,0.0,top
LED108,LED_ARGB,LED_RGB_0606,227.2792,-90.17,0.0,top
LED109,LED_ARGB,LED_RGB_0606,197.6628,-114.808,0.0,top
LED11,LED_ARGB,LED_RGB_0606,43.1292,-31.496,0.0,top
LED110,LED_ARGB,LED_RGB_0606,200.66,-117.2464,0.0,top
LED111,LED_ARGB,LED_RGB_0606,204.3176,-116.5352,0.0,top
LED112,LED_ARGB,LED_RGB_0606,207.9752,-115.7732,0.0,top
LED113,LED_ARGB,LED_RGB_0606,211.9376,-115.2144,0.0,top
LED114,LED_ARGB,LED_RGB_0606,215.646,-114.0968,0.0,top
LED115,LED_ARGB,LED_RGB_0606,219.6592,-113.8936,0.0,top
LED116,LED_ARGB,LED_RGB_0606,223.5708,-113.792,0.0,top
LED117,LED_ARGB,LED_RGB_0606,227.4,-112.9,0.0,top
LED118,LED_ARGB,LED_RGB_0606,225.298,-5.1308,0.0,top
LED119,LED_ARGB,LED_RGB_0606,227.838,-7.9248,0.0,top
LED12,LED_ARGB,LED_RGB_0606,46.5836,-32.9184,0.0,top
LED120,LED_ARGB,LED_RGB_0606,230.5812,-10.7696,0.0,top
LED121,LED_ARGB,LED_RGB_0606,232.3592,-14.2748,0.0,top
LED122,LED_ARGB,LED_RGB_0606,234.5436,-17.7292,0.0,top
LED123,LED_ARGB,LED_RGB_0606,236.4232,-21.2852,0.0,top
LED124,LED_ARGB,LED_RGB_0606,236.3216,-25.2476,0.0,top
LED125,LED_ARGB,LED_RGB_0606,237.1344,-28.7528,0.0,top
LED126,LED_ARGB,LED_RGB_0606,240.4364,-31.4452,0.0,top
LED127,LED_ARGB,LED_RGB_0606,242.316,-34.7472,0.0,top
LED128,LED_ARGB,LED_RGB_0606,243.6368,-38.6588,0.0,top
LED129,LED_ARGB,LED_RGB_0606,244.7036,-42.3672,0.0,top
LED13,LED_ARGB,LED_RGB_0606,50.038,-35.052,0.0,top
LED130,LED_ARGB,LED_RGB_0606,246.5832,-46.0248,0.0,top
LED131,LED_ARGB,LED_RGB_0606,248.7676,-48.7172,0.0,top
LED132,LED_ARGB,LED_RGB_0606,252.1712,-50.7492,0.0,top
LED133,LED_ARGB,LED_RGB_0606,255.2192,-53.1368,0.0,top
LED134,LED_ARGB,LED_RGB_0606,257.7084,-55.9816,0.0,top
LED135,LED_ARGB,LED_RGB_0606,260.2484,-59.3852,0.0,top
LED136,LED_ARGB,LED_RGB_0606,243.6876,-64.6684,0.0,top
LED137,LED_ARGB,LED_RGB_0606,247.7008,-64.6176,0.0,top
LED138,LED_ARGB,LED_RGB_0606,251.6124,-63.7032,0.0,top
LED139,LED_ARGB,LED_RGB_0606,255.6256,-63.754,0.0,top
LED14,LED_ARGB,LED_RGB_0606,53.1876,-34.6964,0.0,top
LED140,LED_ARGB,LED_RGB_0606,258.8768,-65.8368,0.0,top
LED141,LED_ARGB,LED_RGB_0606,262.636,-66.1924,0.0,top
LED142,LED_ARGB,LED_RGB_0606,266.0396,-65.9892,0.0,top
LED143,LED_ARGB,LED_RGB_0606,269.6972,-63.4492,0.0,top
LED144,LED_ARGB,LED_RGB_0606,262.8392,-62.23,0.0,top
LED145,LED_ARGB,LED_RGB_0606,230.9876,-88.9508,0.0,top
LED146,LED_ARGB,LED_RGB_0606,234.696,-87.2744,0.0,top
LED147,LED_ARGB,LED_RGB_0606,238.4044,-85.9028,0.0,top
LED148,LED_ARGB,LED_RGB_0606,242.3668,-86.1568,0.0,top
LED149,LED_ARGB,LED_RGB_0606,246.0752,-85.344,0.0,top
LED15,LED_ARGB,LED_RGB_0606,57.15,-34.0868,0.0,top
LED150,LED_ARGB,LED_RGB_0606,250.0376,-85.3948,0.0,top
LED151,LED_ARGB,LED_RGB_0606,254.0,-85.7504,0.0,top
LED152,LED_ARGB,LED_RGB_0606,257.7592,-86.868,0.0,top
LED153,LED_ARGB,LED_RGB_0606,261.4168,-88.0872,0.0,top
LED154,LED_ARGB,LED_RGB_0606,231.2416,-113.1316,0.0,top
LED155,LED_ARGB,LED_RGB_0606,235.204,-113.2332,0.0,top
LED156,LED_ARGB,LED_RGB_0606,238.9124,-112.8776,0.0,top
LED157,LED_ARGB,LED_RGB_0606,242.9256,-112.7252,0.0,top
LED158,LED_ARGB,LED_RGB_0606,246.5832,-112.9792,0.0,top
LED159,LED_ARGB,LED_RGB_0606,250.3424,-113.792,0.0,top
LED16,LED_ARGB,LED_RGB_0606,60.9092,-34.3916,0.0,top
LED160,LED_ARGB,LED_RGB_0606,253.746,-115.824,0.0,top
LED161,LED_ARGB,LED_RGB_0606,256.6416,-118.5164,0.0,top
LED162,LED_ARGB,LED_RGB_0606,260.1,-119.6,0.0,top
LED163,LED_ARGB,LED_RGB_0606,261.1628,-54.4068,0.0,top
LED164,LED_ARGB,LED_RGB_0606,265.1252,-54.6608,0.0,top
LED165,LED_ARGB,LED_RGB_0606,268.0716,-57.404,0.0,top
LED166,LED_ARGB,LED_RGB_0606,270.764,-60.3504,0.0,top
LED167,LED_ARGB,LED_RGB_0606,273.3548,-63.2968,0.0,top
LED168,LED_ARGB,LED_RGB_0606,277.0632,-64.3128,0.0,top
LED169,LED_ARGB,LED_RGB_0606,280.9748,-64.9224,0.0,top
LED17,LED_ARGB,LED_RGB_0606,64.8208,-34.0868,0.0,top
LED170,LED_ARGB,LED_RGB_0606,284.5816,-66.7512,0.0,top
LED171,LED_ARGB,LED_RGB_0606,286.6136,-70.0532,0.0,top
LED172,LED_ARGB,LED_RGB_0606,260.8072,-68.7832,0.0,top
LED173,LED_ARGB,LED_RGB_0606,260.7056,-72.7456,0.0,top
LED174,LED_ARGB,LED_RGB_0606,260.6548,-76.8604,0.0,top
LED175,LED_ARGB,LED_RGB_0606,260.5532,-80.772,0.0,top
LED176,LED_ARGB,LED_RGB_0606,261.4168,-84.5312,0.0,top
LED177,LED_ARGB,LED_RGB_0606,260.9088,-92.3544,0.0,top
LED178,LED_ARGB,LED_RGB_0606,259.588,-96.012,0.0,top
LED179,LED_ARGB,LED_RGB_0606,259.8928,-99.6696,0.0,top
LED18,LED_ARGB,LED_RGB_0606,68.7832,-34.29,0.0,top
LED180,LED_ARGB,LED_RGB_0606,260.4516,-103.6828,0.0,top
LED181,LED_ARGB,LED_RGB_0606,262.5852,-107.1372,0.0,top
LED182,LED_ARGB,LED_RGB_0606,264.7696,-110.4392,0.0,top
LED183,LED_ARGB,LED_RGB_0606,266.7508,-113.792,0.0,top
LED184,LED_ARGB,LED_RGB_0606,269.0876,-117.1956,0.0,top
LED185,LED_ARGB,LED_RGB_0606,271.3736,-120.5484,0.0,top
LED186,LED_ARGB,LED_RGB_0606,273.5072,-123.7996,0.0,top
LED187,LED_ARGB,LED_RGB_0606,276.352,-126.4412,0.0,top
LED188,LED_ARGB,LED_RGB_0606,278.384,-129.6416,0.0,top
LED189,LED_ARGB,LED_RGB_0606,278.5872,-133.6548,0.0,top
LED19,LED_ARGB,LED_RGB_0606,72.4916,-35.1536,0.0,top
LED190,LED_ARGB,LED_RGB_0606,263.0932,-121.6152,0.0,top
LED191,LED_ARGB,LED_RGB_0606,266.0396,-124.3584,0.0,top
LED192,LED_ARGB,LED_RGB_0606,268.478,-127.6096,0.0,top
LED193,LED_ARGB,LED_RGB_0606,270.9672,-130.4544,0.0,top
LED194,LED_ARGB,LED_RGB_0606,273.7612,-132.1816,0.0,top
LED195,LED_ARGB,LED_RGB_0606,273.7612,-136.0932,0.0,top
LED196,LED_ARGB,LED_RGB_0606,273.812,-140.1064,0.0,top
LED197,LED_ARGB,LED_RGB_0606,273.812,-144.1704,0.0,top
LED198,LED_ARGB,LED_RGB_0606,274.1676,-148.1328,0.0,top
LED199,LED_ARGB,LED_RGB_0606,275.082,-151.9428,0.0,top
LED2,LED_ARGB,LED_RGB_0606,8.1788,-29.4132,0.0,top
LED20,LED_ARGB,LED_RGB_0606,76.2,-36.0172,0.0,top
LED200,LED_ARGB,LED_RGB_0606,275.6408,-155.8036,0.0,top
LED201,LED_ARGB,LED_RGB_0606,277.0632,-158.8516,0.0,top
LED202,LED_ARGB,LED_RGB_0606,280.4668,-160.5788,0.0,top
LED203,LED_ARGB,LED_RGB_0606,283.7688,-162.9664,0.0,top
LED204,LED_ARGB,LED_RGB_0606,287.3248,-164.2872,0.0,top
LED205,LED_ARGB,LED_RGB_0606,291.2872,-164.0332,0.0,top
LED206,LED_ARGB,LED_RGB_0606,295.3004,-163.9316,0.0,top
LED207,LED_ARGB,LED_RGB_0606,299.2628,-163.8808,0.0,top
LED208,LED_ARGB,LED_RGB_0606,278.3332,-137.5664,0.0,top
LED209,LED_ARGB,LED_RGB_0606,278.2824,-141.732,0.0,top
LED21,LED_ARGB,LED_RGB_0606,79.6544,-37.5412,0.0,top
LED210,LED_ARGB,LED_RGB_0606,280.8224,-144.3736,0.0,top
LED211,LED_ARGB,LED_RGB_0606,283.3116,-147.6248,0.0,top
LED212,LED_ARGB,LED_RGB_0606,286.8676,-149.2504,0.0,top
LED213,LED_ARGB,LED_RGB_0606,290.5252,-149.86,0.0,top
LED214,LED_ARGB,LED_RGB_0606,294.2336,-151.7396,0.0,top
LED215,LED_ARGB,LED_RGB_0606,296.9768,-154.6352,0.0,top
LED216,LED_ARGB,LED_RGB_0606,299.7708,-156.7688,0.0,top
LED217,LED_ARGB,LED_RGB_0606,303.784,-156.8704,0.0,top
LED218,LED_ARGB,LED_RGB_0606,307.7464,-157.5816,0.0,top
LED219,LED_ARGB,LED_RGB_0606,311.2008,-159.2072,0.0,top
LED22,LED_ARGB,LED_RGB_0606,83.3628,-38.9636,0.0,top
LED220,LED_ARGB,LED_RGB_0606,314.96,-160.4264,0.0,top
LED221,LED_ARGB,LED_RGB_0606,318.6176,-161.544,0.0,top
LED222,LED_ARGB,LED_RGB_0606,322.326,-162.2552,0.0,top
LED223,LED_ARGB,LED_RGB_0606,325.4248,-164.846,0.0,top
LED224,LED_ARGB,LED_RGB_0606,327.6092,-167.2844,0.0,top
LED225,LED_ARGB,LED_RGB_0606,331.8256,-167.3352,0.0,top
LED226,LED_ARGB,LED_RGB_0606,303.0728,-164.1856,0.0,top
LED227,LED_ARGB,LED_RGB_0606,307.1876,-164.1856,0.0,top
LED228,LED_ARGB,LED_RGB_0606,311.2008,-164.1856,0.0,top
LED229,LED_ARGB,LED_RGB_0606,315.0616,-164.1856,0.0,top
LED23,LED_ARGB,LED_RGB_0606,86.5124,-41.1988,0.0,top
LED230,LED_ARGB,LED_RGB_0606,318.5668,-165.5064,0.0,top
LED231,LED_ARGB,LED_RGB_0606,321.4116,-168.5544,0.0,top
LED232,LED_ARGB,LED_RGB_0606,323.2404,-172.1104,0.0,top
LED233,LED_ARGB,LED_RGB_0606,325.7804,-174.5996,0.0,top
LED234,LED_ARGB,LED_RGB_0606,328.2188,-177.7492,0.0,top
LED235,LED_ARGB,LED_RGB_0606,267.6652,-68.6816,0.0,top
LED236,LED_ARGB,LED_RGB_0606,270.256,-71.5772,0.0,top
LED237,LED_ARGB,LED_RGB_0606,273.3548,-73.5076,0.0,top
LED238,LED_ARGB,LED_RGB_0606,277.3172,-74.4728,0.0,top
LED239,LED_ARGB,LED_RGB_0606,280.9748,-76.2,0.0,top
LED24,LED_ARGB,LED_RGB_0606,89.408,-43.5356,0.0,top
LED240,LED_ARGB,LED_RGB_0606,283.3116,-79.1972,0.0,top
LED241,LED_ARGB,LED_RGB_0606,286.0548,-81.9912,0.0,top
LED242,LED_ARGB,LED_RGB_0606,288.798,-84.836,0.0,top
LED243,LED_ARGB,LED_RGB_0606,291.3888,-87.8332,0.0,top
LED244,LED_ARGB,LED_RGB_0606,265.1252,-88.7984,0.0,top
LED245,LED_ARGB,LED_RGB_0606,268.8336,-88.9,0.0,top
LED246,LED_ARGB,LED_RGB_0606,272.796,-88.9,0.0,top
LED247,LED_ARGB,LED_RGB_0606,276.7584,-89.3572,0.0,top
LED248,LED_ARGB,LED_RGB_0606,279.2984,-92.456,0.0,top
LED249,LED_ARGB,LED_RGB_0606,282.448,-94.8436,0.0,top
LED25,LED_ARGB,LED_RGB_0606,93.1672,-44.704,0.0,top
LED250,LED_ARGB,LED_RGB_0606,284.5816,-98.3996,0.0,top
LED251,LED_ARGB,LED_RGB_0606,287.5788,-100.4316,0.0,top
LED252,LED_ARGB,LED_RGB_0606,289.9156,-103.3272,0.0,top
LED253,LED_ARGB,LED_RGB_0606,289.56,-72.136,0.0,top
LED254,LED_ARGB,LED_RGB_0606,293.4716,-72.7456,0.0,top
LED255,LED_ARGB,LED_RGB_0606,297.18,-73.8632,0.0,top
LED256,LED_ARGB,LED_RGB_0606,300.6344,-76.0476,0.0,top
LED257,LED_ARGB,LED_RGB_0606,304.0888,-78.2828,0.0,top
LED258,LED_ARGB,LED_RGB_0606,307.8988,-78.74,0.0,top
LED259,LED_ARGB,LED_RGB_0606,310.5404,-81.7372,0.0,top
LED26,LED_ARGB,LED_RGB_0606,95.8088,-47.5488,0.0,top
LED260,LED_ARGB,LED_RGB_0606,313.3344,-84.3788,0.0,top
LED261,LED_ARGB,LED_RGB_0606,314.3504,-88.0364,0.0,top
LED262,LED_ARGB,LED_RGB_0606,293.7256,-90.8304,0.0,top
LED263,LED_ARGB,LED_RGB_0606,294.7924,-94.6912,0.0,top
LED264,LED_ARGB,LED_RGB_0606,296.418,-98.0948,0.0,top
LED265,LED_ARGB,LED_RGB_0606,299.466,-100.9396,0.0,top
LED266,LED_ARGB,LED_RGB_0606,302.2092,-103.6828,0.0,top
LED267,LED_ARGB,LED_RGB_0606,304.292,-106.6292,0.0,top
LED268,LED_ARGB,LED_RGB_0606,308.7624,-109.5248,0.0,top
LED269,LED_ARGB,LED_RGB_0606,312.5216,-108.3056,0.0,top
LED27,LED_ARGB,LED_RGB_0606,98.7044,-49.5808,0.0,top
LED270,LED_ARGB,LED_RGB_0606,315.9252,-106.6292,0.0,top
LED271,LED_ARGB,LED_RGB_0606,293.4716,-105.156,0.0,top
LED272,LED_ARGB,LED_RGB_0606,296.926,-106.7308,0.0,top
LED273,LED_ARGB,LED_RGB_0606,300.1264,-109.3724,0.0,top
LED274,LED_ARGB,LED_RGB_0606,304.038,-110.3884,0.0,top
LED275,LED_ARGB,LED_RGB_0606,303.784,-114.3508,0.0,top
LED276,LED_ARGB,LED_RGB_0606,307.1,-116.2,0.0,top
LED277,LED_ARGB,LED_RGB_0606,310.896,-117.1956,0.0,top
LED278,LED_ARGB,LED_RGB_0606,314.452,-119.2784,0.0,top
LED279,LED_ARGB,LED_RGB_0606,316.992,-122.3264,0.0,top
LED28,LED_ARGB,LED_RGB_0606,101.6,-52.07,0.0,top
LED280,LED_ARGB,LED_RGB_0606,316.8904,-89.7636,0.0,top
LED281,LED_ARGB,LED_RGB_0606,320.7004,-89.662,0.0,top
LED282,LED_ARGB,LED_RGB_0606,324.7136,-89.662,0.0,top
LED283,LED_ARGB,LED_RGB_0606,328.3712,-90.5256,0.0,top
LED284,LED_ARGB,LED_RGB_0606,332.3336,-90.3732,0.0,top
LED285,LED_ARGB,LED_RGB_0606,336.3976,-90.8304,0.0,top
LED286,LED_ARGB,LED_RGB_0606,339.8012,-92.964,0.0,top
LED287,LED_ARGB,LED_RGB_0606,343.7128,-93.1672,0.0,top
LED288,LED_ARGB,LED_RGB_0606,347.6752,-93.1672,0.0,top
LED289,LED_ARGB,LED_RGB_0606,319.9384,-106.2736,0.0,top
LED29,LED_ARGB,LED_RGB_0606,104.4956,-55.0164,0.0,top
LED290,LED_ARGB,LED_RGB_0606,323.85,-106.2228,0.0,top
LED291,LED_ARGB,LED_RGB_0606,327.8632,-106.172,0.0,top
LED292,LED_ARGB,LED_RGB_0606,331.7748,-106.1212,0.0,top
LED293,LED_ARGB,LED_RGB_0606,335.8388,-106.9848,0.0,top
LED294,LED_ARGB,LED_RGB_0606,339.4964,-107.6452,0.0,top
LED295,LED_ARGB,LED_RGB_0606,343.408,-107.2388,0.0,top
LED296,LED_ARGB,LED_RGB_0606,347.4212,-106.6292,0.0,top
LED297,LED_ARGB,LED_RGB_0606,351.4344,-106.2228,0.0,top
LED298,LED_ARGB,LED_RGB_0606,319.532,-125.3744,0.0,top
LED299,LED_ARGB,LED_RGB_0606,321.3608,-128.8288,0.0,top
LED3,LED_ARGB,LED_RGB_0606,12.192,-30.5308,0.0,top
LED30,LED_ARGB,LED_RGB_0606,108.2548,-55.5244,0.0,top
LED300,LED_ARGB,LED_RGB_0606,324.104,-131.6736,0.0,top
LED301,LED_ARGB,LED_RGB_0606,326.0852,-135.1788,0.0,top
LED302,LED_ARGB,LED_RGB_0606,328.2696,-138.5316,0.0,top
LED303,LED_ARGB,LED_RGB_0606,331.1144,-141.1732,0.0,top
LED304,LED_ARGB,LED_RGB_0606,334.4164,-143.4592,0.0,top
LED305,LED_ARGB,LED_RGB_0606,337.7184,-145.6436,0.0,top
LED306,LED_ARGB,LED_RGB_0606,340.8172,-147.9296,0.0,top
LED307,LED_ARGB,LED_RGB_0606,354.1268,-156.8196,0.0,top
LED308,LED_ARGB,LED_RGB_0606,350.8756,-154.432,0.0,top
LED309,LED_ARGB,LED_RGB_0606,347.4212,-152.1968,0.0,top
LED31,LED_ARGB,LED_RGB_0606,111.1504,-58.0644,0.0,top
LED310,LED_ARGB,LED_RGB_0606,344.3224,-150.3172,0.0,top
LED311,LED_ARGB,LED_RGB_0606,359.3084,-106.172,0.0,top
LED312,LED_ARGB,LED_RGB_0606,355.3968,-106.172,0.0,top
LED313,LED_ARGB,LED_RGB_0606,358.5464,-96.1136,0.0,top
LED314,LED_ARGB,LED_RGB_0606,355.1936,-94.742,0.0,top
LED315,LED_ARGB,LED_RGB_0606,351.3836,-94.3356,0.0,top
LED316,LED_ARGB,LED_RGB_0606,356.7176,-159.9184,0.0,top
LED317,LED_ARGB,LED_RGB_0606,359.3084,-162.9664,0.0,top
LED318,LED_ARGB,LED_RGB_0606,353.2632,-183.9976,0.0,top
LED319,LED_ARGB,LED_RGB_0606,349.758,-182.118,0.0,top
LED32,LED_ARGB,LED_RGB_0606,113.7412,-61.1632,0.0,top
LED320,LED_ARGB,LED_RGB_0606,335.4832,-168.402,0.0,top
LED321,LED_ARGB,LED_RGB_0606,338.1756,-171.0436,0.0,top
LED322,LED_ARGB,LED_RGB_0606,341.122,-173.99,0.0,top
LED323,LED_ARGB,LED_RGB_0606,344.0176,-176.6316,0.0,top
LED324,LED_ARGB,LED_RGB_0606,346.9132,-179.3748,0.0,top
LED326,LED_ARGB,LED_RGB_0606,18.669,-89.874,0.0,top
LED327,LED_ARGB,LED_RGB_0606,28.194,-89.874,0.0,top
LED328,LED_ARGB,LED_RGB_0606,9.2,-89.9,0.0,top
LED329,LED_ARGB,LED_RGB_0606,330.8604,-180.594,0.0,top
LED33,LED_ARGB,LED_RGB_0606,117.1956,-62.992,0.0,top
LED330,LED_ARGB,LED_RGB_0606,333.3496,-183.642,0.0,top
LED334,LED_ARGB,LED_RGB_0606,293.5,-123.2,0.0,top
LED335,LED_ARGB,LED_RGB_0606,142.8,-62.2,0.0,top
LED336,LED_ARGB,LED_RGB_0606,146.2,-59.9,0.0,top
LED337,LED_ARGB,LED_RGB_0606,149.5,-57.3,0.0,top
LED338,LED_ARGB,LED_RGB_0606,152.7,-54.9,0.0,top
LED339,LED_ARGB,LED_RGB_0606,155.8,-52.3,0.0,top
LED34,LED_ARGB,LED_RGB_0606,120.9548,-63.9572,0.0,top
LED340,LED_ARGB,LED_RGB_0606,260.3,-116.6,0.0,top
LED341,LED_ARGB,LED_RGB_0606,159.0,-49.8,0.0,top
LED342,LED_ARGB,LED_RGB_0606,162.7,-47.6,0.0,top
LED343,LED_ARGB,LED_RGB_0606,165.9,-45.1,0.0,top
LED344,LED_ARGB,LED_RGB_0606,169.5,-43.6,0.0,top
LED345,LED_ARGB,LED_RGB_0606,173.5,-42.6,0.0,top
LED346,LED_ARGB,LED_RGB_0606,177.4,-41.3,0.0,top
LED347,LED_ARGB,LED_RGB_0606,181.0,-39.7,0.0,top
LED348,LED_ARGB,LED_RGB_0606,185.1,-39.2,0.0,top
LED349,LED_ARGB,LED_RGB_0606,189.2,-39.0,0.0,top
LED35,LED_ARGB,LED_RGB_0606,124.3584,-65.7352,0.0,top
LED350,LED_ARGB,LED_RGB_0606,193.2,-39.2,0.0,top
LED351,LED_ARGB,LED_RGB_0606,197.2,-38.9,0.0,top
LED352,LED_ARGB,LED_RGB_0606,201.0,-38.4,0.0,top
LED353,LED_ARGB,LED_RGB_0606,204.8,-38.0,0.0,top
LED354,LED_ARGB,LED_RGB_0606,208.1,-36.3,0.0,top
LED355,LED_ARGB,LED_RGB_0606,212.4,-37.1,0.0,top
LED356,LED_ARGB,LED_RGB_0606,216.6,-36.5,0.0,top
LED357,LED_ARGB,LED_RGB_0606,220.7,-38.0,0.0,top
LED358,LED_ARGB,LED_RGB_0606,224.7,-37.0,0.0,top
LED359,LED_ARGB,LED_RGB_0606,228.3,-35.4,0.0,top
LED36,LED_ARGB,LED_RGB_0606,127.8128,-67.564,0.0,top
LED360,LED_ARGB,LED_RGB_0606,231.7,-33.4,0.0,top
LED361,LED_ARGB,LED_RGB_0606,235.1,-31.8,0.0,top
LED362,LED_ARGB,LED_RGB_0606,293.6,-126.4,0.0,top
LED363,LED_ARGB,LED_RGB_0606,293.6,-129.8,0.0,top
LED366,LED_ARGB,LED_RGB_0606,293.6,-133.2,0.0,top
LED367,LED_ARGB,LED_RGB_0606,293.3,-136.6,0.0,top
LED369,LED_ARGB,LED_RGB_0606,292.5,-140.2,0.0,top
LED37,LED_ARGB,LED_RGB_0606,131.4,-66.9036,0.0,top
LED370,LED_ARGB,LED_RGB_0606,263.9,-115.4,0.0,top
LED372,LED_ARGB,LED_RGB_0606,292.7,-143.8,0.0,top
LED373,LED_ARGB,LED_RGB_0606,293.0,-147.4,0.0,top
LED374,LED_ARGB,LED_RGB_0606,292.5,-154.4,0.0,top
LED375,LED_ARGB,LED_RGB_0606,292.4,-157.8,0.0,top
LED377,LED_ARGB,LED_RGB_0606,294.0,-116.8,0.0,top
LED378,LED_ARGB,LED_RGB_0606,293.6,-120.0,0.0,top
LED38,LED_ARGB,LED_RGB_0606,134.6708,-68.8848,0.0,top
LED380,LED_ARGB,LED_RGB_0606,270.9,-114.6,0.0,top
LED381,LED_ARGB,LED_RGB_0606,275.0,-114.4,0.0,top
LED382,LED_ARGB,LED_RGB_0606,279.3,-114.0,0.0,top
LED383,LED_ARGB,LED_RGB_0606,283.3,-113.8,0.0,top
LED384,LED_ARGB,LED_RGB_0606,287.5,-113.4,0.0,top
LED385,LED_ARGB,LED_RGB_0606,291.7,-113.4,0.0,top
LED386,LED_ARGB,LED_RGB_0606,296.3,-114.0,0.0,top
LED387,LED_ARGB,LED_RGB_0606,300.0,-116.0,0.0,top
LED39,LED_ARGB,LED_RGB_0606,138.1252,-70.866,0.0,top
LED390,LED_ARGB,LED_RGB_0606,292.2,-161.0,0.0,top
LED391,LED_ARGB,LED_RGB_0606,293.7,-166.8,0.0,top
LED392,LED_ARGB,LED_RGB_0606,292.3,-170.2,0.0,top
LED4,LED_ARGB,LED_RGB_0606,15.9004,-31.6992,0.0,top
LED40,LED_ARGB,LED_RGB_0606,141.2748,-73.2536,0.0,top
LED401,LED_ARGB,LED_RGB_0606,134.9,-64.9,0.0,top
LED402,LED_ARGB,LED_RGB_0606,255.375,-49.1,0.0,top
LED403,LED_ARGB,LED_RGB_0606,255.7,-45.425,0.0,top
LED404,LED_ARGB,LED_RGB_0606,257.875,-42.4,0.0,top
LED405,LED_ARGB,LED_RGB_0606,260.875,-39.9,0.0,top
LED406,LED_ARGB,LED_RGB_0606,264.25,-37.55,0.0,top
LED407,LED_ARGB,LED_RGB_0606,266.725,-34.575,0.0,top
LED408,LED_ARGB,LED_RGB_0606,270.15,-32.825,0.0,top
LED409,LED_ARGB,LED_RGB_0606,274.125,-31.75,0.0,top
LED41,LED_ARGB,LED_RGB_0606,144.7292,-74.8792,0.0,top
LED410,LED_ARGB,LED_RGB_0606,277.775,-30.85,0.0,top
LED411,LED_ARGB,LED_RGB_0606,280.7,-28.275,0.0,top
LED412,LED_ARGB,LED_RGB_0606,283.25,-25.45,0.0,top
LED413,LED_ARGB,LED_RGB_0606,286.85,-24.075,0.0,top
LED414,LED_ARGB,LED_RGB_0606,290.175,-22.25,0.0,top
LED415,LED_ARGB,LED_RGB_0606,293.35,-19.275,0.0,top
LED416,LED_ARGB,LED_RGB_0606,297.45,-17.65,0.0,top
LED417,LED_ARGB,LED_RGB_0606,301.775,-17.45,0.0,top
LED418,LED_ARGB,LED_RGB_0606,305.2,-18.925,0.0,top
LED419,LED_ARGB,LED_RGB_0606,309.075,-19.25,0.0,top
LED42,LED_ARGB,LED_RGB_0606,148.7424,-75.184,0.0,top
LED420,LED_ARGB,LED_RGB_0606,312.9,-19.575,0.0,top
LED421,LED_ARGB,LED_RGB_0606,316.675,-20.625,0.0,top
LED422,LED_ARGB,LED_RGB_0606,319.925,-18.925,0.0,top
LED423,LED_ARGB,LED_RGB_0606,322.225,-15.875,0.0,top
LED424,LED_ARGB,LED_RGB_0606,322.25,-12.3,0.0,top
LED425,LED_ARGB,LED_RGB_0606,320.175,-9.0,0.0,top
LED426,LED_ARGB,LED_RGB_0606,318.8,-5.45,0.0,top
LED43,LED_ARGB,LED_RGB_0606,152.7048,-75.2856,0.0,top
LED44,LED_ARGB,LED_RGB_0606,156.6164,-75.5904,0.0,top
LED45,LED_ARGB,LED_RGB_0606,160.6296,-75.9968,0.0,top
LED46,LED_ARGB,LED_RGB_0606,139.0,-64.1,0.0,top
LED47,LED_ARGB,LED_RGB_0606,146.8628,-63.8048,0.0,top
LED48,LED_ARGB,LED_RGB_0606,149.9616,-66.3448,0.0,top
LED49,LED_ARGB,LED_RGB_0606,153.162,-67.4116,0.0,top
LED5,LED_ARGB,LED_RGB_0606,19.8628,-31.75,0.0,top
LED50,LED_ARGB,LED_RGB_0606,156.9212,-66.5988,0.0,top
LED501,LED_ARGB,LED_RGB_0606,18.7,-71.6,0.0,top
LED502,LED_ARGB,LED_RGB_0606,14.5,-67.4,0.0,top
LED503,LED_ARGB,LED_RGB_0606,18.7,-63.2,0.0,top
LED504,LED_ARGB,LED_RGB_0606,23.0,-67.4,0.0,top
LED505,LED_ARGB,LED_RGB_0606,6.1,-163.9,0.0,top
LED506,LED_ARGB,LED_RGB_0606,6.1,-158.7,0.0,top
LED507,LED_ARGB,LED_RGB_0606,6.1,-161.3,0.0,top
LED51,LED_ARGB,LED_RGB_0606,160.8836,-66.6496,0.0,top
LED52,LED_ARGB,LED_RGB_0606,164.846,-66.5988,0.0,top
LED53,LED_ARGB,LED_RGB_0606,168.8084,-66.5988,0.0,top
LED54,LED_ARGB,LED_RGB_0606,172.7708,-66.548,0.0,top
LED55,LED_ARGB,LED_RGB_0606,146.4564,-77.9272,0.0,top
LED56,LED_ARGB,LED_RGB_0606,146.5072,-81.7372,0.0,top
LED57,LED_ARGB,LED_RGB_0606,146.5072,-85.6996,0.0,top
LED58,LED_ARGB,LED_RGB_0606,148.7424,-88.646,0.0,top
LED59,LED_ARGB,LED_RGB_0606,151.9428,-91.0336,0.0,top
LED6,LED_ARGB,LED_RGB_0606,23.7744,-31.0388,0.0,top
LED60,LED_ARGB,LED_RGB_0606,154.2796,-94.1832,0.0,top
LED61,LED_ARGB,LED_RGB_0606,156.5148,-97.4852,0.0,top
LED62,LED_ARGB,LED_RGB_0606,157.8356,-100.9396,0.0,top
LED63,LED_ARGB,LED_RGB_0606,160.8836,-103.2764,0.0,top
LED64,LED_ARGB,LED_RGB_0606,176.7332,-65.8368,0.0,top
LED65,LED_ARGB,LED_RGB_0606,180.7464,-65.0748,0.0,top
LED66,LED_ARGB,LED_RGB_0606,184.404,-63.6016,0.0,top
LED67,LED_ARGB,LED_RGB_0606,188.4172,-63.5508,0.0,top
LED68,LED_ARGB,LED_RGB_0606,192.1764,-63.4492,0.0,top
LED69,LED_ARGB,LED_RGB_0606,194.5132,-60.8076,0.0,top
LED7,LED_ARGB,LED_RGB_0606,27.7876,-30.4292,0.0,top
LED70,LED_ARGB,LED_RGB_0606,198.1708,-60.5536,0.0,top
LED71,LED_ARGB,LED_RGB_0606,202.184,-60.96,0.0,top
LED72,LED_ARGB,LED_RGB_0606,205.9,-62.4,0.0,top
LED73,LED_ARGB,LED_RGB_0606,164.592,-76.454,0.0,top
LED74,LED_ARGB,LED_RGB_0606,168.5544,-76.708,0.0,top
LED75,LED_ARGB,LED_RGB_0606,172.2628,-78.3336,0.0,top
LED76,LED_ARGB,LED_RGB_0606,175.6664,-79.6036,0.0,top
LED77,LED_ARGB,LED_RGB_0606,179.4764,-80.8736,0.0,top
LED78,LED_ARGB,LED_RGB_0606,182.8292,-82.7532,0.0,top
LED79,LED_ARGB,LED_RGB_0606,186.8424,-83.0072,0.0,top
LED8,LED_ARGB,LED_RGB_0606,31.75,-30.0228,0.0,top
LED80,LED_ARGB,LED_RGB_0606,190.5508,-83.9216,0.0,top
LED81,LED_ARGB,LED_RGB_0606,194.5132,-84.6328,0.0,top
LED82,LED_ARGB,LED_RGB_0606,164.592,-103.886,0.0,top
LED83,LED_ARGB,LED_RGB_0606,167.8432,-106.172,0.0,top
LED84,LED_ARGB,LED_RGB_0606,171.196,-107.3912,0.0,top
LED85,LED_ARGB,LED_RGB_0606,174.9552,-108.6612,0.0,top
LED86,LED_ARGB,LED_RGB_0606,178.4096,-110.6424,0.0,top
LED87,LED_ARGB,LED_RGB_0606,182.3212,-111.5568,0.0,top
LED88,LED_ARGB,LED_RGB_0606,186.0804,-111.9632,0.0,top
LED89,LED_ARGB,LED_RGB_0606,189.992,-112.6236,0.0,top
LED9,LED_ARGB,LED_RGB_0606,35.7124,-29.8196,0.0,top
LED90,LED_ARGB,LED_RGB_0606,194.0052,-113.284,0.0,top
LED91,LED_ARGB,LED_RGB_0606,209.8548,-62.738,0.0,top
LED92,LED_ARGB,LED_RGB_0606,213.7664,-62.7888,0.0,top
LED93,LED_ARGB,LED_RGB_0606,217.7796,-62.8396,0.0,top
LED94,LED_ARGB,LED_RGB_0606,221.742,-62.8904,0.0,top
LED95,LED_ARGB,LED_RGB_0606,225.7044,-63.0428,0.0,top
LED96,LED_ARGB,LED_RGB_0606,229.2604,-64.4144,0.0,top
LED97,LED_ARGB,LED_RGB_0606,232.5624,-65.9384,0.0,top
LED98,LED_ARGB,LED_RGB_0606,236.0168,-64.008,0.0,top
LED99,LED_ARGB,LED_RGB_0606,239.7252,-64.3636,0.0,top
R10,150,R_0603_1608Metric,9.652,-168.91,180.0,top
R100,20,R_0402_1005Metric,329.438,-24.511,180.0,top
R101,20,R_0402_1005Metric,327.406,-23.749,180.0,top
R102,51,R_0402_1005Metric,329.438,-27.559,180.0,top
R103,20,R_0402_1005Metric,327.406,-26.797,180.0,top
R104,20,R_0402_1005Metric,329.438,-26.035,180.0,top
R105,51,R_0402_1005Metric,327.406,-29.845,180.0,top
R106,4.7k,R_0402_1005Metric,57.15,-177.165,180.0,top
R107,4.7k,R_0402_1005Metric,57.15,-175.895,180.0,top
R108,Photoresistor,Photoresistor,73.66,-185.42,0.0,top
R109,51,R_0402_1005Metric,344.932,-33.401,0.0,top
R11,51,R_0402_1005Metric,95.25,-99.949,180.0,top
R110,20,R_0402_1005Metric,329.438,-29.083,180.0,top
R111,20,R_0402_1005Metric,327.406,-28.321,180.0,top
R112,51,R_0402_1005Metric,329.438,-32.131,180.0,top
R113,20,R_0402_1005Metric,327.406,-31.369,180.0,top
R114,20,R_0402_1005Metric,329.438,-30.607,180.0,top
R115,10k,R_0603_1608Metric,344.551,-26.035,-90.0,top
R116,51,R_0402_1005Metric,327.406,-34.417,180.0,top
R117,20,R_0402_1005Metric,329.438,-33.655,180.0,top
R118,20,R_0402_1005Metric,327.406,-32.893,180.0,top
R119,51,R_0402_1005Metric,332.359,-38.862,-90.0,top
R12,20,R_0402_1005Metric,95.25,-101.473,180.0,top
R120,20,R_0402_1005Metric,331.597,-40.894,-90.0,top
R121,20,R_0402_1005Metric,330.835,-38.862,-90.0,top
R122,51,R_0402_1005Metric,334.645,-40.894,-90.0,top
R123,20,R_0402_1005Metric,333.883,-38.862,-90.0,top
R124,20,R_0402_1005Metric,333.121,-40.894,-90.0,top
R125,51,R_0402_1005Metric,329.438,-36.703,180.0,top
R126,20,R_0402_1005Metric,327.406,-35.941,180.0,top
R127,20,R_0402_1005Metric,329.438,-35.179,180.0,top
R128,51,R_0402_1005Metric,341.503,-38.862,-90.0,top
R129,20,R_0402_1005Metric,340.741,-40.894,-90.0,top
R13,20,R_0402_1005Metric,93.218,-100.711,180.0,top
R130,20,R_0402_1005Metric,339.979,-38.862,-90.0,top
R131,51,R_0402_1005Metric,337.693,-40.894,-90.0,top
R132,20,R_0402_1005Metric,338.455,-38.862,-90.0,top
R133,20,R_0402_1005Metric,339.217,-40.894,-90.0,top
R134,51,R_0402_1005Metric,336.931,-38.862,-90.0,top
R135,20,R_0402_1005Metric,336.169,-40.894,-90.0,top
R136,20,R_0402_1005Metric,335.407,-38.862,-90.0,top
R137,820,R_0603_1608Metric,9.652,-166.37,180.0,top
R138,10k,R_0402_1005Metric,34.036,-175.133,90.0,top
R139,2k,R_0402_1005Metric,57.15,-168.275,180.0,top
R14,51,R_0402_1005Metric,93.345,-97.663,180.0,top
R140,10k,R_0402_1005Metric,39.497,-161.925,-90.0,top
R145,20,R_0402_1005Metric,342.9,-34.163,0.0,top
R146,20,R_0402_1005Metric,344.932,-34.925,0.0,top
R147,4.7k,R_0402_1005Metric,45.847,-161.925,-90.0,top
R148,4.7k,R_0402_1005Metric,47.117,-161.925,-90.0,top
R149,10k,R_0603_1608Metric,204.3,-14.775,-90.0,top
R15,20,R_0402_1005Metric,93.218,-99.187,180.0,top
R150,51,R_0402_1005Metric,203.3,-19.9,0.0,top
R151,20,R_0402_1005Metric,203.3,-18.3,0.0,top
R152,20,R_0402_1005Metric,205.3,-19.1,0.0,top
R153,51,R_0402_1005Metric,205.3,-22.3,0.0,top
R154,20,R_0402_1005Metric,205.3,-20.7,0.0,top
R155,20,R_0402_1005Metric,203.3,-21.5,0.0,top
R156,51,R_0402_1005Metric,199.9,-25.71,-90.0,top
R157,20,R_0402_1005Metric,200.7,-27.71,-90.0,top
R158,20,R_0402_1005Metric,201.5,-25.71,-90.0,top
R159,51,R_0402_1005Metric,197.5,-27.71,-90.0,top
R16,20,R_0402_1005Metric,95.25,-98.425,180.0,top
R160,20,R_0402_1005Metric,198.3,-25.71,-90.0,top
R161,20,R_0402_1005Metric,199.1,-27.71,-90.0,top
R162,51,R_0402_1005Metric,195.1,-25.71,-90.0,top
R163,20,R_0402_1005Metric,195.9,-27.71,-90.0,top
R164,20,R_0402_1005Metric,196.7,-25.71,-90.0,top
R165,51,R_0402_1005Metric,192.7,-27.71,-90.0,top
R166,20,R_0402_1005Metric,193.5,-25.71,-90.0,top
R167,20,R_0402_1005Metric,194.3,-27.7,-90.0,top
R168,51,R_0402_1005Metric,189.19,-23.8,180.0,top
R169,20,R_0402_1005Metric,191.9,-25.71,-90.0,top
R17,51,R_0402_1005Metric,98.171,-94.488,90.0,top
R170,20,R_0402_1005Metric,191.1,-27.71,-90.0,top
R171,51,R_0402_1005Metric,189.19,-19.0,180.0,top
R172,20,R_0402_1005Metric,187.19,-19.8,180.0,top
R173,20,R_0402_1005Metric,189.19,-20.6,180.0,top
R174,51,R_0402_1005Metric,187.19,-21.4,180.0,top
R175,20,R_0402_1005Metric,189.19,-22.2,180.0,top
R176,20,R_0402_1005Metric,187.19,-23.0,180.0,top
R177,51,R_0402_1005Metric,187.2,-11.9,180.0,top
R178,20,R_0402_1005Metric,189.2,-12.7,180.0,top
R179,20,R_0402_1005Metric,187.2,-13.5,180.0,top
R18,4.7k,R_0402_1005Metric,57.15,-172.085,180.0,top
R180,51,R_0402_1005Metric,189.2,-14.3,180.0,top
R181,20,R_0402_1005Metric,187.2,-15.1,180.0,top
R182,20,R_0402_1005Metric,189.2,-15.9,180.0,top
R183,51,R_0402_1005Metric,187.2,-16.6,180.0,top
R184,20,R_0402_1005Metric,189.19,-17.4,180.0,top
R185,20,R_0402_1005Metric,187.19,-18.2,180.0,top
R186,51,R_0402_1005Metric,189.2,-9.5,180.0,top
R187,20,R_0402_1005Metric,187.2,-10.3,180.0,top
R188,20,R_0402_1005Metric,189.2,-11.1,180.0,top
R19,4.7k,R_0402_1005Metric,57.15,-170.815,180.0,top
R2,0R,R_0402_1005Metric,8.89,-172.847,0.0,top
R20,2k,R_0402_1005Metric,49.657,-161.925,-90.0,top
R21,2k,R_0402_1005Metric,48.387,-161.925,-90.0,top
R22,20,R_0402_1005Metric,97.409,-92.456,90.0,top
R23,20,R_0402_1005Metric,96.647,-94.488,90.0,top
R24,51,R_0402_1005Metric,100.457,-92.456,90.0,top
R25,20,R_0402_1005Metric,99.695,-94.488,90.0,top
R26,20,R_0402_1005Metric,98.933,-92.456,90.0,top
R27,10k,R_0603_1608Metric,93.599,-107.315,90.0,top
R28,51,R_0402_1005Metric,102.743,-94.488,90.0,top
R29,20,R_0402_1005Metric,101.981,-92.456,90.0,top
R30,20,R_0402_1005Metric,101.219,-94.488,90.0,top
R31,51,R_0402_1005Metric,105.029,-92.456,90.0,top
R32,20,R_0402_1005Metric,104.267,-94.488,90.0,top
R33,20,R_0402_1005Metric,103.505,-92.456,90.0,top
R34,51,R_0402_1005Metric,107.315,-94.488,90.0,top
R35,20,R_0402_1005Metric,105.791,-94.488,90.0,top
R36,20,R_0402_1005Metric,106.553,-92.456,90.0,top
R37,51,R_0402_1005Metric,110.744,-100.457,0.0,top
R38,20,R_0402_1005Metric,108.712,-99.695,0.0,top
R39,20,R_0402_1005Metric,110.744,-98.933,0.0,top
R40,51,R_0402_1005Metric,108.712,-98.171,0.0,top
R41,20,R_0402_1005Metric,110.744,-97.409,0.0,top
R42,20,R_0402_1005Metric,108.712,-96.647,0.0,top
R43,51,R_0402_1005Metric,108.712,-107.315,0.0,top
R44,20,R_0402_1005Metric,110.744,-106.553,0.0,top
R45,20,R_0402_1005Metric,108.712,-105.791,0.0,top
R46,51,R_0402_1005Metric,110.744,-105.029,0.0,top
R47,20,R_0402_1005Metric,108.712,-104.267,0.0,top
R48,20,R_0402_1005Metric,110.744,-103.505,0.0,top
R49,51,R_0402_1005Metric,108.712,-102.743,0.0,top
R5,5.1k,R_0402_1005Metric,9.017,-176.276,0.0,top
R50,20,R_0402_1005Metric,110.744,-101.981,0.0,top
R51,20,R_0402_1005Metric,108.712,-101.219,0.0,top
R52,51,R_0402_1005Metric,110.744,-109.601,0.0,top
R53,20,R_0402_1005Metric,108.712,-108.839,0.0,top
R54,20,R_0402_1005Metric,110.744,-108.077,0.0,top
R55,51,R_0402_1005Metric,240.411,-137.541,90.0,top
R56,20,R_0402_1005Metric,239.649,-135.636,90.0,top
R57,20,R_0402_1005Metric,238.887,-137.668,90.0,top
R58,51,R_0402_1005Metric,247.269,-135.636,90.0,top
R59,20,R_0402_1005Metric,246.507,-137.668,90.0,top
R6,5.1k,R_0402_1005Metric,9.017,-179.451,0.0,top
R60,20,R_0402_1005Metric,245.745,-135.636,90.0,top
R61,51,R_0402_1005Metric,242.697,-135.636,90.0,top
R62,4.7k,R_0402_1005Metric,57.15,-174.625,180.0,top
R63,4.7k,R_0402_1005Metric,57.15,-173.355,180.0,top
R64,2k,R_0402_1005Metric,57.15,-169.545,180.0,top
R65,10k,R_0402_1005Metric,57.15,-178.435,180.0,top
R66,20,R_0402_1005Metric,241.935,-137.668,90.0,top
R67,20,R_0402_1005Metric,241.173,-135.636,90.0,top
R68,51,R_0402_1005Metric,237.49,-143.129,180.0,top
R69,20,R_0402_1005Metric,235.458,-143.891,180.0,top
R70,20,R_0402_1005Metric,235.458,-145.034,180.0,top
R71,10k,R_0603_1608Metric,235.839,-150.495,90.0,top
R72,51,R_0402_1005Metric,235.458,-140.843,180.0,top
R73,20,R_0402_1005Metric,237.49,-141.605,180.0,top
R74,20,R_0402_1005Metric,235.458,-142.367,180.0,top
R75,51,R_0402_1005Metric,244.983,-137.668,90.0,top
R76,20,R_0402_1005Metric,244.221,-135.636,90.0,top
R77,20,R_0402_1005Metric,243.459,-137.668,90.0,top
R78,51,R_0402_1005Metric,249.555,-137.668,90.0,top
R79,20,R_0402_1005Metric,248.793,-135.636,90.0,top
R80,20,R_0402_1005Metric,248.031,-137.668,90.0,top
R81,51,R_0402_1005Metric,250.952,-141.351,0.0,top
R82,20,R_0402_1005Metric,252.984,-140.589,0.0,top
R83,20,R_0402_1005Metric,250.952,-139.827,0.0,top
R84,51,R_0402_1005Metric,250.952,-145.923,0.0,top
R85,20,R_0402_1005Metric,252.984,-145.161,0.0,top
R86,20,R_0402_1005Metric,250.952,-144.399,0.0,top
R87,51,R_0402_1005Metric,250.952,-150.495,0.0,top
R88,20,R_0402_1005Metric,252.984,-149.733,0.0,top
R89,20,R_0402_1005Metric,250.952,-148.971,0.0,top
R90,51,R_0402_1005Metric,252.984,-143.637,0.0,top
R91,20,R_0402_1005Metric,250.952,-142.875,0.0,top
R92,20,R_0402_1005Metric,252.984,-142.113,0.0,top
R93,51,R_0402_1005Metric,252.984,-146.685,0.0,top
R94,20,R_0402_1005Metric,252.984,-148.209,0.0,top
R95,20,R_0402_1005Metric,250.952,-147.447,0.0,top
R96,51,R_0402_1005Metric,252.984,-152.781,0.0,top
R97,20,R_0402_1005Metric,250.952,-152.019,0.0,top
R98,20,R_0402_1005Metric,252.984,-151.257,0.0,top
R99,51,R_0402_1005Metric,327.406,-25.273,180.0,top
SW1,SW_Push,SW_SPST_SKQG_WithoutStem,27.94,-175.26,180.0,top
SW2,SW_Push,SW_SPST_SKQG_WithoutStem,27.94,-167.64,180.0,top
SW3,SW_Push,SW_SPST_SKQG_WithoutStem,10.414,-60.41,90.0,top
U12,IS31FL3741A,QFN40P700X700X80-61N,196.5,-18.5,180.0,top
U13,ESP32-S3-WROOM-1,ESP32-S3-WROOM-1,45.25,-173.28,180.0,top
U2,AMS1117-3.3,SOT-223-3_TabPin2,15.494,-185.928,0.0,top
U3,USBLC6-2SC6,SOT-23-6,12.7,-177.8,0.0,top
U5,IS31FL3741A,QFN40P700X700X80-61N,101.6,-101.6,0.0,top
U6,IS31FL3741A,QFN40P700X700X80-61N,243.84,-144.78,0.0,top
U7,IS31FL3741A,QFN40P700X700X80-61N,336.55,-31.75,180.0,top
